publisher,n_dataset,media,pct,mediana,min,max,rating,n_excellent,n_bad
"DIREZIONE REGIONALE PROGRAMMAZIONE, BILANCIO, RISORSE UMANE, CULTURA, AGENDA DIGITALE | SERVIZIO: Transizione digitale, sistema informativo regionale, governo dei dati, facilitazione digitale",1,405.0,100.0,405,405,405,Excellent,1,0
Centro studi Città di Foligno,1,405.0,100.0,405,405,405,Excellent,1,0
"Direzione regionale Sviluppo economico, Agricoltura, Lavoro, Istruzione, Agenda Digitale | Servizio Agricoltura sostenibile e servizi fitosanitari",1,405.0,100.0,405,405,405,Excellent,1,0
Anci - Associazione Nazionale Comuni Italiani,1,405.0,100.0,405,405,405,Excellent,1,0
PO CED,2,405.0,100.0,405,405,405,Excellent,2,0
"Direzione regionale Sviluppo Economico, agricoltura, lavoro,istruzione e agenda digitale",1,405.0,100.0,405,405,405,Excellent,1,0
Comune di Treviglio,44,398.18,98.32,405,305,405,Excellent,41,0
Unione dei Comuni del Pratomagno,6,395.0,97.53,405,385,405,Excellent,6,0
Istituto Nazionale di Previdenza Sociale,3782,393.58,97.18,385,385,405,Excellent,3782,0
"Dipartimento di Ingegneria Informatica, Modellistica, Elettronica e Sistemistica",5,393.0,97.04,385,385,405,Excellent,5,0
Ufficio Commercio,10,391.0,96.54,385,385,405,Excellent,10,0
Comune di San Giovanni Valdarno,29,390.86,96.51,385,355,405,Excellent,29,0
Comune di Sulmona,12,388.33,95.88,385,385,405,Excellent,12,0
Comune di Fosdinovo,17,387.35,95.64,385,385,405,Excellent,17,0
Agenzia di Tutela della Salute di Brescia,10,387.0,95.56,385,385,405,Excellent,10,0
ASL TA,12,386.67,95.47,385,385,405,Excellent,12,0
Comune di Vaiano,18,385.0,95.06,385,365,405,Excellent,18,0
Servizi Sociali Pubblica Istruzione,5,385.0,95.06,385,385,385,Excellent,5,0
Ufficio LL.PP.,1,385.0,95.06,385,385,385,Excellent,1,0
Arpa Puglia - Direzione Scientifica - Centro Regionale Mare,9,385.0,95.06,385,385,385,Excellent,9,0
Sistemi Informativi e Transizione Digitale,5,385.0,95.06,385,385,385,Excellent,5,0
Puglia Sviluppo SpA,5,385.0,95.06,385,385,385,Excellent,5,0
Puglia Sviluppo,2,385.0,95.06,385,385,385,Excellent,2,0
Agenzia regionale strategica per lo Sviluppo Ecososteniile del Territorio,9,385.0,95.06,385,385,385,Excellent,9,0
Osservatorio Turismo,5,385.0,95.06,385,385,385,Excellent,5,0
ARET - Ufficio Osservatorio,4,385.0,95.06,385,385,385,Excellent,4,0
ASL Taranto,3,385.0,95.06,385,385,385,Excellent,3,0
Arti Puglia,1,385.0,95.06,385,385,385,Excellent,1,0
Struttura Speciale Comunicazione Istituzionale,2,385.0,95.06,385,385,385,Excellent,2,0
Centro Regionale HTA - Area Valutazione e Ricerca,2,385.0,95.06,385,385,385,Excellent,2,0
Area Direzione Amministrativa - Servizio Formazione e Innovazione dei Saperi,1,385.0,95.06,385,385,385,Excellent,1,0
Asset,19,385.0,95.06,385,385,385,Excellent,19,0
Ufficio Ambiente,4,385.0,95.06,385,385,385,Excellent,4,0
ADISU Puglia,10,385.0,95.06,385,385,385,Excellent,10,0
Segreteria Generale della Presidenza,1,385.0,95.06,385,385,385,Excellent,1,0
Sezione Istruzione e Università - Servizio Sistema dell'Istruzione e del Diritto allo Studio,1,385.0,95.06,385,385,385,Excellent,1,0
Città di Putignano,3,385.0,95.06,385,385,385,Excellent,3,0
DIREZIONE AMMINISTRATIVA DEL GABINETTO - RTD,1,385.0,95.06,385,385,385,Excellent,1,0
Servizio Parchi e Tutela della Biodiversità,1,385.0,95.06,385,385,385,Excellent,1,0
Sezione Strategie e Governo dell'Offerta,1,385.0,95.06,385,385,385,Excellent,1,0
Sezione Opere Pubbliche e Infrastrutture,4,385.0,95.06,385,385,385,Excellent,4,0
Dipartimento sviluppo territoriale,1,385.0,95.06,385,385,385,Excellent,1,0
"Dipartimento Welfare, Sezione Inclusione Sociale Attiva",1,385.0,95.06,385,385,385,Excellent,1,0
PROTEZIONE CIVILE,1,385.0,95.06,385,385,385,Excellent,1,0
InnovaPuglia,2,385.0,95.06,385,385,385,Excellent,2,0
Arpa Puglia - Direzione Scientifica - Centro Regionale Aria,4,385.0,95.06,385,385,385,Excellent,4,0
Sezione Ricerca Industriale e Innovazione servizio.ricercainnovazione@regione.puglia.it,8,385.0,95.06,385,385,385,Excellent,8,0
ARTI Puglia,12,385.0,95.06,385,385,385,Excellent,12,0
InnovaPuglia Spa - Servizio Territorio e Ambiente info@sit.puglia.it,6,385.0,95.06,385,385,385,Excellent,6,0
Comune di Minervino di Lecce,5,385.0,95.06,385,385,385,Excellent,5,0
Sezione Trasformazione Digitale,2,385.0,95.06,385,385,385,Excellent,2,0
Comune di Giuggianello,4,385.0,95.06,385,385,385,Excellent,4,0
Sezione Promozione della salute e del benessere (servizio.sportpertutti@regione.puglia.it),3,385.0,95.06,385,385,385,Excellent,3,0
Sezione Ricerca Industriale e Innovazione,2,385.0,95.06,385,385,385,Excellent,2,0
Sezione Urbanistica - Servizio Osservatorio Abusivismo e Usi Civici,1,385.0,95.06,385,385,385,Excellent,1,0
Comune di Zollino,3,385.0,95.06,385,385,385,Excellent,3,0
Team O.D.,2,385.0,95.06,385,385,385,Excellent,2,0
Segretariato generale della Giunta regionale segretariatogenerale.giunta@regione.puglia.it,2,385.0,95.06,385,385,385,Excellent,2,0
Servizio politiche di benessere sociale e pari opportunità - Servizio programmazione Sociale ed integrazione socio-sanitaria,1,385.0,95.06,385,385,385,Excellent,1,0
Comune di Miggiano,3,385.0,95.06,385,385,385,Excellent,3,0
Sezione Personale e Organizzazione,3,385.0,95.06,385,385,385,Excellent,3,0
Comune di Carpignano Salentino,4,385.0,95.06,385,385,385,Excellent,4,0
Comune di Manduria,5,385.0,95.06,385,385,385,Excellent,5,0
Sezione Bilancio e Ragioneria servizio.bilancio.ragioneria@pec.rupar.puglia.it,1,385.0,95.06,385,385,385,Excellent,1,0
Comune di San Pietro in Lama,3,385.0,95.06,385,385,385,Excellent,3,0
"Sezione Personale e Organizzazione - P.O. Statistica,  servizio.personale@regione.puglia.it",1,385.0,95.06,385,385,385,Excellent,1,0
Comune di Cursi,4,385.0,95.06,385,385,385,Excellent,4,0
Ufficio tecnico,2,385.0,95.06,385,385,385,Excellent,2,0
SEZIONE CONTROLLI REGOLARITA AMMINISTRATIVA,1,385.0,95.06,385,385,385,Excellent,1,0
Sezione Affari e Studi Giuridici e Legislativi,1,385.0,95.06,385,385,385,Excellent,1,0
"Sezione Farmaci, Dispositivi Medici e Assistenza Integrativa",1,385.0,95.06,385,385,385,Excellent,1,0
Agenzia Regionale Strategica per la Salute ed il Sociale,4,385.0,95.06,385,385,385,Excellent,4,0
ufficio tecnico,7,385.0,95.06,385,385,385,Excellent,7,0
Sezione Statistica,1,385.0,95.06,385,385,385,Excellent,1,0
"Dipartimento Turismo, Economia della Cultura e Valorizzazione del Territorio - Sezione Tutela e valorizzazione dei patrimoni culturali",1,385.0,95.06,385,385,385,Excellent,1,0
SEZIONE INCLUSIONE SOCIALE ATTIVA,5,385.0,95.06,385,385,385,Excellent,5,0
"Struttura di Progetto Attuazione della Politica Europea per gli Affari Marittimi, la Pesca e l'Acquacoltura",2,385.0,95.06,385,385,385,Excellent,2,0
Comune di Neviano,3,385.0,95.06,385,385,385,Excellent,3,0
Sezione Demanio e Patrimonio serviziodemaniopatrimonio.bari@pec.rupar.puglia.it,3,385.0,95.06,385,385,385,Excellent,3,0
Autorità di Gestione del POR 2014-2020,1,385.0,95.06,385,385,385,Excellent,1,0
Sezione Mobilità Sostenibile e Vigilanza del Trasporto Pubblico Locale,2,385.0,95.06,385,385,385,Excellent,2,0
Comune di Andrano,3,385.0,95.06,385,385,385,Excellent,3,0
Ufficio lavori pubblici – Comune di Palo del Colle,1,385.0,95.06,385,385,385,Excellent,1,0
ced,2,385.0,95.06,385,385,385,Excellent,2,0
Ufficio Transizione Digitale,13,385.0,95.06,385,385,385,Excellent,13,0
"Dipartimento Turismo, Economia della Cultura e Valorizzazione del Territorio - Sezione Turismo e Internazionalizzazione",1,385.0,95.06,385,385,385,Excellent,1,0
Sezione Personale,1,385.0,95.06,385,385,385,Excellent,1,0
Sezione Politiche per lo sviluppo delle aree produttive e industriali,1,385.0,95.06,385,385,385,Excellent,1,0
Aress Puglia,4,385.0,95.06,385,385,385,Excellent,4,0
PROGRAMMAZIONE UNITARIA,1,385.0,95.06,385,385,385,Excellent,1,0
RegionePuglia,1,385.0,95.06,385,385,385,Excellent,1,0
Comune di Nociglia,3,385.0,95.06,385,385,385,Excellent,3,0
Sezione Raccordo al Sistema Regionale - Servizio Contratti e Programmazione Acquisti,1,385.0,95.06,385,385,385,Excellent,1,0
Comune di Palo del Colle – Ufficio Anagrafe / Demografici,1,385.0,95.06,385,385,385,Excellent,1,0
Sezione Ciclo Rifiuti e Bonifiche,2,385.0,95.06,385,385,385,Excellent,2,0
Labalestra Mary Jo,1,385.0,95.06,385,385,385,Excellent,1,0
Sezione Demanio e Patrimonio,1,385.0,95.06,385,385,385,Excellent,1,0
"Dipartimento Turismo, Economia della Cultura e Valorizzazione del Territorio - Struttura di progetto Cooperazione territoriale europea e Poli BiblioMuseali",1,385.0,95.06,385,385,385,Excellent,1,0
ufficio lavori pubblii,1,385.0,95.06,385,385,385,Excellent,1,0
Sezione Contenzioso Amministrativo,1,385.0,95.06,385,385,385,Excellent,1,0
Sezione Promozione della Salute e del Benessere - Servizio Sicurezza Alimentare e Sanità Veterinaria,1,385.0,95.06,385,385,385,Excellent,1,0
Sezione Difesa del suolo e rischio sismico,2,385.0,95.06,385,385,385,Excellent,2,0
Servizio Struttura di Staff Amministrazione e Affari generali,1,385.0,95.06,385,385,385,Excellent,1,0
"Sezione Cloud, Cybersecurity e Infrastrutture tecnologiche",1,385.0,95.06,385,385,385,Excellent,1,0
Sezione Risorse Idriche - Servizio Sistema Idrico Integrato e Tutela delle Acque,1,385.0,95.06,385,385,385,Excellent,1,0
Struttura Speciale Monitoraggio dell'Attuazione Regionale del PNRR,2,385.0,95.06,385,385,385,Excellent,2,0
Sezione Economia della Cultura,1,385.0,95.06,385,385,385,Excellent,1,0
Sezione Politiche Giovanili,3,385.0,95.06,385,385,385,Excellent,3,0
Sezione Organizzazione e Formazione del Personale,2,385.0,95.06,385,385,385,Excellent,2,0
Sezione Infrastrutture per la Mobilità,2,385.0,95.06,385,385,385,Excellent,2,0
Comune di Matera,2,385.0,95.06,385,385,385,Excellent,2,0
Area E-Health,1,385.0,95.06,385,385,385,Excellent,1,0
Sezione politiche di benessere sociale e pari opportunità,3,385.0,95.06,385,385,385,Excellent,3,0
Area Direzione Amministrativa - Servizio PMO e Internazionalizzazione,1,385.0,95.06,385,385,385,Excellent,1,0
Segreteria generale della Presidenza - Struttura Speciale Autorità di Audit,1,385.0,95.06,385,385,385,Excellent,1,0
Servizio Appalti,2,385.0,95.06,385,385,385,Excellent,2,0
Comune di Bologna - Sistema Informativo Territoriale (SIT),23,385.0,95.06,385,385,385,Excellent,23,0
Comune di Bologna - U.I. Ufficio Comunale di Statistica,40,385.0,95.06,385,385,385,Excellent,40,0
Comune di Bologna - Settore mobilità sostenibile e Infrastrutture,84,385.0,95.06,385,385,385,Excellent,84,0
Comune di Bologna - Settore Ambiente e Verde,8,385.0,95.06,385,385,385,Excellent,8,0
Comune di Bologna - Staff del Consiglio e Gabinetto del Sindaco,11,385.0,95.06,385,385,385,Excellent,11,0
Automobile Club d'Italia - ACI,4,385.0,95.06,385,385,385,Excellent,4,0
Comune di Bologna - Settore Biblioteche Comunali,3,385.0,95.06,385,385,385,Excellent,3,0
Comune di Bologna - Innovazione Digitale e Dati,10,385.0,95.06,385,385,385,Excellent,10,0
Politecnico di Milano,25,385.0,95.06,385,385,385,Excellent,25,0
SEZIONE FORMAZIONE,1,385.0,95.06,385,385,385,Excellent,1,0
"Sezione Promozione del Commercio, Artigianato e Internazionalizzazione delle Imprese",1,385.0,95.06,385,385,385,Excellent,1,0
Sezione Regionale di Vigilanza,1,385.0,95.06,385,385,385,Excellent,1,0
Comune di Specchia,4,385.0,95.06,385,385,385,Excellent,4,0
Fondazione IPRES,51,385.0,95.06,385,385,385,Excellent,51,0
Comune di Santa Cesarea Terme,4,385.0,95.06,385,385,385,Excellent,4,0
Sezione Provveditorato Economato,2,385.0,95.06,385,385,385,Excellent,2,0
Sezione Gestione Sostenibile e tutela delle Risorse Forestali e Naturali - Servizio risorse forestali,2,385.0,95.06,385,385,385,Excellent,2,0
Sezione Ricerca e Relazioni Internazionali,2,385.0,95.06,385,385,385,Excellent,2,0
Puglia Sviluppo spa,1,385.0,95.06,385,385,385,Excellent,1,0
AREA ANALISI E RICERCHE,1,385.0,95.06,385,385,385,Excellent,1,0
comune di martina franca,3,385.0,95.06,385,385,385,Excellent,3,0
Adisu,2,385.0,95.06,385,385,385,Excellent,2,0
Agid,27,385.0,95.06,385,385,385,Excellent,27,0
Comune di Bologna - Dipartimento Cura e Qualità del Territorio,3,385.0,95.06,385,385,385,Excellent,3,0
Comune di Messina,98,385.0,95.06,385,385,385,Excellent,98,0
Comune di Bologna - Dipartimento Cultura e Promozione della Città,2,385.0,95.06,385,385,385,Excellent,2,0
Comune di Bologna - Segreteria Generale,15,385.0,95.06,385,385,385,Excellent,15,0
Comune di Bologna - Settore Agenda Digitale e Tecnologie Informatiche,6,385.0,95.06,385,385,385,Excellent,6,0
Comune di Bologna - Settore marketing urbano e turismo,1,385.0,95.06,385,385,385,Excellent,1,0
Comune di Bologna - Gestione Bene Pubblico,4,385.0,95.06,385,385,385,Excellent,4,0
Comune di Bologna - Area Welfare e Promozione del benessere della comunità,7,385.0,95.06,385,385,385,Excellent,7,0
Comune di Collesalvetti,17,385.0,95.06,385,385,385,Excellent,17,0
Servizio Polizia Locale,7,385.0,95.06,385,385,385,Excellent,7,0
Servizio Cultura,5,385.0,95.06,385,385,385,Excellent,5,0
Servizio ARDI,1,385.0,95.06,385,385,385,Excellent,1,0
Comune di Napoli,4,385.0,95.06,385,385,385,Excellent,4,0
Servizio Statistica e Servizi demografici,4,385.0,95.06,385,385,385,Excellent,4,0
Servizio Tutela del Territorio,1,385.0,95.06,385,385,385,Excellent,1,0
Direzione del personale,1,385.0,95.06,385,385,385,Excellent,1,0
Agenzia per l'Italia Digitale,1,385.0,95.06,385,385,385,Excellent,1,0
MUR,10,385.0,95.06,385,385,385,Excellent,10,0
MIUR,35,385.0,95.06,385,385,385,Excellent,35,0
MUR - Servizio Statistico,22,385.0,95.06,385,385,385,Excellent,22,0
Regione Campania - US 202.01.01,6,385.0,95.06,385,385,385,Excellent,6,0
Ispra,5,385.0,95.06,385,385,385,Excellent,5,0
Servizi demografici,1,385.0,95.06,385,385,385,Excellent,1,0
Area Sviluppo Socio Economico e Turismo,1,385.0,95.06,385,385,385,Excellent,1,0
Comune di Gravina di Catania,10,385.0,95.06,385,385,385,Excellent,10,0
Giustizia amministrativa,436,385.0,95.06,385,385,385,Excellent,436,0
Consorzio BIM Vomano Tordino di Teramo,7,385.0,95.06,385,385,385,Excellent,7,0
Università degli Studi di Ferrara,23,385.0,95.06,385,385,385,Excellent,23,0
Provincia di Rovigo,15,385.0,95.06,385,385,385,Excellent,15,0
Servizio Cimiteri Cittadini,2,385.0,95.06,385,385,385,Excellent,2,0
Comune di Roseto degli Abruzzi,5,385.0,95.06,385,385,385,Excellent,5,0
Comune di Quartu Sant'Elena,11,385.0,95.06,385,385,385,Excellent,11,0
Comune di Arzachena,11,385.0,95.06,385,385,385,Excellent,11,0
Comune di Arbus,3,385.0,95.06,385,385,385,Excellent,3,0
Comune di Finale Ligure,2,385.0,95.06,385,385,385,Excellent,2,0
Università degli Studi di Pavia,2,385.0,95.06,385,385,385,Excellent,2,0
Euro-Mediterranean Center on Climate Change Foundation,1,385.0,95.06,385,385,385,Excellent,1,0
Dipartimento Protezione Civile,2,385.0,95.06,385,385,385,Excellent,2,0
Dipartimento della Famiglia e Politiche Sociali,2,385.0,95.06,385,385,385,Excellent,2,0
Regione Siciliana,63,385.0,95.06,385,385,385,Excellent,63,0
Dipartimento delle Autonomie Locali,16,385.0,95.06,385,385,385,Excellent,16,0
Dipartimento del bilancio e del tesoro - Ragioneria generale della Regione,6,385.0,95.06,385,385,385,Excellent,6,0
Dipartimento Interventi per la Pesca,13,385.0,95.06,385,385,385,Excellent,13,0
Dipartimento Famiglia e politiche sociali,8,385.0,95.06,385,385,385,Excellent,8,0
Agenzia Regionale per la Protezione dell'Ambiente della Sicilia,13,385.0,95.06,385,385,385,Excellent,13,0
Dipartimento della Protezione Civile,3,385.0,95.06,385,385,385,Excellent,3,0
Dipartimento della funzione pubblica e del personale,5,385.0,95.06,385,385,385,Excellent,5,0
"Gruppo LabGIS dell''Osservatorio Turistico (Serv. 2) del Dipartimento Turismo, Sport e Spettacolo Regione Siciliana",1,385.0,95.06,385,385,385,Excellent,1,0
Ufficio per l'attività di coordinamento dei sistemi informativi regionali e l'attività informatica della Regione e delle pubbliche amministrazioni regionali,1,385.0,95.06,385,385,385,Excellent,1,0
Assessorato dell'economia,5,385.0,95.06,385,385,385,Excellent,5,0
Dipartimento dell'Ambiente,3,385.0,95.06,385,385,385,Excellent,3,0
Dipartimento Bilancio e Tesoro - Ragioneria Generale della Regione,1,385.0,95.06,385,385,385,Excellent,1,0
Dipartimento per le Attività Sanitarie e Osservatorio Epidemiologico,3,385.0,95.06,385,385,385,Excellent,3,0
"Dipartimento Infrastrutture, Mobilità e Trasporti",2,385.0,95.06,385,385,385,Excellent,2,0
Dipartimento del turismo dello sport e dello spettacolo,1,385.0,95.06,385,385,385,Excellent,1,0
Dipartimento dei Beni culturali e dell'Identità siciliana,1,385.0,95.06,385,385,385,Excellent,1,0
Dipartimento Finanze e Credito,1,385.0,95.06,385,385,385,Excellent,1,0
Dipartimento del Turismo dello Sport e dello Spettacolo,4,385.0,95.06,385,385,385,Excellent,4,0
Dipartimento Attività Sanitarie e Osservatorio Epidemiologico,2,385.0,95.06,385,385,385,Excellent,2,0
Dipartimento delle infrastrutture della mobilità e dei trasporti,1,385.0,95.06,385,385,385,Excellent,1,0
Agenzia per L'Italia Digitale,1,385.0,95.06,385,385,385,Excellent,1,0
Dipartimento bilancio e tesoro - Ragioneria generale della regione,2,385.0,95.06,385,385,385,Excellent,2,0
Dipartimento dell'agricoltura,2,385.0,95.06,385,385,385,Excellent,2,0
Comune di Arenzano,10,385.0,95.06,385,385,385,Excellent,10,0
AGCM,46,385.0,95.06,385,385,385,Excellent,46,0
Dipartimento Pianificazione Strategica,3,385.0,95.06,385,385,385,Excellent,3,0
Dipartimento Programmazione,1,385.0,95.06,385,385,385,Excellent,1,0
regione-sicilia,2,385.0,95.06,385,385,385,Excellent,2,0
CSI PIEMONTE,908,385.0,95.06,385,385,385,Excellent,908,0
Sezione datore di lavoro,1,385.0,95.06,385,385,385,Excellent,1,0
ARPA Puglia,2,385.0,95.06,385,385,385,Excellent,2,0
Sezione Autorizzazioni Ambientali,1,385.0,95.06,385,385,385,Excellent,1,0
Sezione Politiche Abitative,2,385.0,95.06,385,385,385,Excellent,2,0
Sezione Transizione Energetica,2,385.0,95.06,385,385,385,Excellent,2,0
Sezione Affari istituzionali e giuridici,1,385.0,95.06,385,385,385,Excellent,1,0
Luisa Maraschiello,1,385.0,95.06,385,385,385,Excellent,1,0
DG 50 13,1,385.0,95.06,385,385,385,Excellent,1,0
"ENEA - Agenzia Nazionale per Le Nuove Tecnologie, L'Energia e Lo Sviluppo Economico Sostenibile",18,385.0,95.06,385,385,385,Excellent,18,0
miur,2,385.0,95.06,385,385,385,Excellent,2,0
DG 50 08,1,385.0,95.06,385,385,385,Excellent,1,0
Autorità garante della concorrenza e del mercato,8,385.0,95.06,385,385,385,Excellent,8,0
Osservatorio statistico di Ateneo e monitoraggio indicatori,7,385.0,95.06,385,385,385,Excellent,7,0
Azienda Socio Sanitaria Territoriale Ovest Milanese,22,385.0,95.06,385,385,385,Excellent,22,0
Comune di Campagna,6,385.0,95.06,385,385,385,Excellent,6,0
Comune di Mesagne,8,385.0,95.06,385,385,385,Excellent,8,0
Comune di Barcellona Pozzo di Gotto,17,385.0,95.06,385,385,385,Excellent,17,0
ARIDATA,7,385.0,95.06,385,385,385,Excellent,7,0
Comune di Siracusa,10,385.0,95.06,385,385,385,Excellent,10,0
Autorità Idrica Toscana,12,385.0,95.06,385,385,385,Excellent,12,0
Comunità Montana Valle Imagna,3,385.0,95.06,385,385,385,Excellent,3,0
Provincia di Catanzaro,8,385.0,95.06,385,385,385,Excellent,8,0
Comune di Vecchiano,3,385.0,95.06,385,385,385,Excellent,3,0
Comune di Mola di Bari,5,385.0,95.06,385,385,385,Excellent,5,0
Comune di Santo Stefano di Magra,8,385.0,95.06,385,385,385,Excellent,8,0
Libero Consorzio Comunale di Agrigento,11,385.0,95.06,385,385,385,Excellent,11,0
Comune di Latina,13,385.0,95.06,385,385,385,Excellent,13,0
Comune di Terralba,3,385.0,95.06,385,385,385,Excellent,3,0
"Istituto Zooprofilattico Sperimentale della Lombardia e dell'Emilia Romagna ""Bruno Ubertini""",11,385.0,95.06,385,385,385,Excellent,11,0
Comune di Cerreto Guidi,5,385.0,95.06,385,385,385,Excellent,5,0
Università degli Studi di Messina,13,385.0,95.06,385,385,385,Excellent,13,0
Comune di Sassari,23,385.0,95.06,385,385,385,Excellent,23,0
Università degli Studi di Macerata,9,385.0,95.06,385,385,385,Excellent,9,0
Comune di Tortona,3,385.0,95.06,385,385,385,Excellent,3,0
Unione dei Comuni valdostani Mont-Rose,3,385.0,95.06,385,385,385,Excellent,3,0
Comune di Montale,3,385.0,95.06,385,385,385,Excellent,3,0
ASP Ambito 9,8,385.0,95.06,385,385,385,Excellent,8,0
Università degli Studi di Teramo,11,385.0,95.06,385,385,385,Excellent,11,0
Agenzia di Tutela della Salute di Bergamo,10,385.0,95.06,385,385,385,Excellent,10,0
Comune di La Spezia,6,385.0,95.06,385,385,385,Excellent,6,0
Comune di Giovinazzo,4,385.0,95.06,385,385,385,Excellent,4,0
Comune di Pisticci,8,385.0,95.06,385,385,385,Excellent,8,0
Comune di Termoli,5,385.0,95.06,385,385,385,Excellent,5,0
Comune di Vieste,5,385.0,95.06,385,385,385,Excellent,5,0
Comune di Magione,3,385.0,95.06,385,385,385,Excellent,3,0
Comune di Cellole,1,385.0,95.06,385,385,385,Excellent,1,0
Comune di Isernia,8,385.0,95.06,385,385,385,Excellent,8,0
Comune di Lizzano,1,385.0,95.06,385,385,385,Excellent,1,0
Università degli Studi di Urbino Carlo Bo,13,385.0,95.06,385,385,385,Excellent,13,0
Comune di Occhiobello,3,385.0,95.06,385,385,385,Excellent,3,0
Comune di Ruvo di Puglia,5,385.0,95.06,385,385,385,Excellent,5,0
Unione dei Comuni valdostani Evancon,5,385.0,95.06,385,385,385,Excellent,5,0
Comune di Capoterra,13,385.0,95.06,385,385,385,Excellent,13,0
Comune di Benevento,11,385.0,95.06,385,385,385,Excellent,11,0
Università degli Studi del Piemonte Orientale,18,385.0,95.06,385,385,385,Excellent,18,0
Comune di Rapallo,8,385.0,95.06,385,385,385,Excellent,8,0
Comune di Sannazzaro De' Burgondi,4,385.0,95.06,385,385,385,Excellent,4,0
Università degli studi di Udine,9,385.0,95.06,385,385,385,Excellent,9,0
Comune di Sondrio,16,385.0,95.06,385,385,385,Excellent,16,0
GAL Terra dei Messapi,3,385.0,95.06,385,385,385,Excellent,3,0
Comune di Francavilla Fontana,2,385.0,95.06,385,385,385,Excellent,2,0
Comune di San Cesario di Lecce,1,385.0,95.06,385,385,385,Excellent,1,0
ASM Costruire Insieme,3,385.0,95.06,385,385,385,Excellent,3,0
Comune di Alessandria,5,385.0,95.06,385,385,385,Excellent,5,0
Comune di Alba Adriatica,4,385.0,95.06,385,385,385,Excellent,4,0
Unione dei Comuni del Trasimeno,7,385.0,95.06,385,385,385,Excellent,7,0
Comune di Valenzano,5,385.0,95.06,385,385,385,Excellent,5,0
Autorità di regolazione dei trasporti,32,385.0,95.06,385,385,385,Excellent,32,0
Comune di Giaveno,5,385.0,95.06,385,385,385,Excellent,5,0
Comune di Mandello del Lario,1,385.0,95.06,385,385,385,Excellent,1,0
Agenzia di Tutela della Salute dell'Insubria,10,385.0,95.06,385,385,385,Excellent,10,0
Agenzia di Tutela della Salute della Val Padana,13,385.0,95.06,385,385,385,Excellent,13,0
Provincia di Biella,10,385.0,95.06,385,385,385,Excellent,10,0
Unione dei Comuni valdostani Valdigne-Mont-Blanc,5,385.0,95.06,385,385,385,Excellent,5,0
Comune di Castiglione del Lago,3,385.0,95.06,385,385,385,Excellent,3,0
"Agenzia regionale per il lavoro, la formazione e l'accreditamento",3,385.0,95.06,385,385,385,Excellent,3,0
Comune di Corciano,6,385.0,95.06,385,385,385,Excellent,6,0
Agenzia per l’Italia Digitale,2,385.0,95.06,385,385,385,Excellent,2,0
Comune di Molinella,3,385.0,95.06,385,385,385,Excellent,3,0
Brescia Mobilita' Spa,3,385.0,95.06,385,385,385,Excellent,3,0
Ecosistema Mesm@rt,4,385.0,95.06,385,385,385,Excellent,4,0
Comunità Montana Valtellina di Tirano,11,385.0,95.06,385,385,385,Excellent,11,0
"Camera di Commercio, Industria, Artigianato e Agricoltura di Messina",1,385.0,95.06,385,385,385,Excellent,1,0
Messinaservizi Bene Comune S.p.A.,3,385.0,95.06,385,385,385,Excellent,3,0
Universita' degli Studi di Catania,30,385.0,95.06,385,385,385,Excellent,30,0
Comune di Pineto,4,385.0,95.06,385,385,385,Excellent,4,0
"Comune di Bologna - Innovazione Digitale e Dati, Sistemi Informativi Territoriali (SIT)",4,385.0,95.06,385,385,385,Excellent,4,0
Comune di Bologna - Settore ufficio di piano urbanistico e U.I. Patrimonio - Area Risorse Finanziarie e Patrimonio,1,385.0,95.06,385,385,385,Excellent,1,0
Sezione Bilancio e Ragioneria,1,385.0,95.06,385,385,385,Excellent,1,0
Comune di Melpignano,8,385.0,95.06,385,385,385,Excellent,8,0
"Comune di Bologna - Settore agenda digitale, Sistemi Informativi Territoriali (SIT)",1,385.0,95.06,385,385,385,Excellent,1,0
Area Valutazione e Ricerca – Servizio Ricerca Sanitaria e Sperimentazioni Gestionali,2,385.0,95.06,385,385,385,Excellent,2,0
Affari Generali,2,385.0,95.06,385,385,385,Excellent,2,0
Area Direzione Amministrativa - Servizio Risorse Umane,1,385.0,95.06,385,385,385,Excellent,1,0
Redazione,1,385.0,95.06,385,385,385,Excellent,1,0
"SEZIONE BENESSERE SOCIALE, INNOVAIONE E SUSSIDIARIETA'",1,385.0,95.06,385,385,385,Excellent,1,0
Sezione Promozione della salute e del benessere,1,385.0,95.06,385,385,385,Excellent,1,0
Sezione Ricerca industriale e Innovazione,2,385.0,95.06,385,385,385,Excellent,2,0
Servizio Ricerca Industriale e Innovazione,1,385.0,95.06,385,385,385,Excellent,1,0
Sezione Personale e Organizzazione servizio.personale@regione.puglia.it,1,385.0,95.06,385,385,385,Excellent,1,0
Sezione Programmazione Acquisti servizio.affarigenerali@regione.puglia.it,1,385.0,95.06,385,385,385,Excellent,1,0
Sezione Attuzione dei programmi comunitari per l'agricolturai,1,385.0,95.06,385,385,385,Excellent,1,0
anticorruzione,1,385.0,95.06,385,385,385,Excellent,1,0
Segreteria generale della Presidenza - Struttura Speciale Audit FSE+,1,385.0,95.06,385,385,385,Excellent,1,0
Sezione Coordinamento dei servizi territoriali,1,385.0,95.06,385,385,385,Excellent,1,0
Servizio Risorse Finanziarie,1,385.0,95.06,385,385,385,Excellent,1,0
Dipartimento Personale e Organizzazione - Sezione Personale,1,385.0,95.06,385,385,385,Excellent,1,0
"Dipartimento Sviluppo Economico - Sezione Crescita Digitale delle persone, del territorio e delle imprese",1,385.0,95.06,385,385,385,Excellent,1,0
Sezione Trasporto Pubblico Locale e Intermodalità,2,385.0,95.06,385,385,385,Excellent,2,0
Area Valutazione e Ricerca – Servizio Valutazione e Governo dell'Innovazione,1,385.0,95.06,385,385,385,Excellent,1,0
Sezione Bilancio della Sanità e dello Sport,1,385.0,95.06,385,385,385,Excellent,1,0
ASL Brindisi,1,385.0,95.06,385,385,385,Excellent,1,0
Sezione Programmazione e coordinamento,2,385.0,95.06,385,385,385,Excellent,2,0
Sezione Coordinamento dei Servizi Territoriali,1,385.0,95.06,385,385,385,Excellent,1,0
Comune di Palo del Colle – Ufficio Anagrafe,1,385.0,95.06,385,385,385,Excellent,1,0
Servizio Finanziario – Comune di Palo del Colle,1,385.0,95.06,385,385,385,Excellent,1,0
"Dipartimento Agricoltura, sviluppo rurale e Ambientale - Sezione Attuazione dei Programmi Comunitari per l'agricoltura",1,385.0,95.06,385,385,385,Excellent,1,0
SEZIONE POLITICHE E MERCATO DEL LAVORO,1,385.0,95.06,385,385,385,Excellent,1,0
Sezione Competitività,2,385.0,95.06,385,385,385,Excellent,2,0
Servizio Protezione Civile servizio.protezionecivile@regione.puglia.it,1,385.0,95.06,385,385,385,Excellent,1,0
Comune di Candela,4,385.0,95.06,385,385,385,Excellent,4,0
Sezione Controlli,1,385.0,95.06,385,385,385,Excellent,1,0
Comune di Oria,1,385.0,95.06,385,385,385,Excellent,1,0
Servizio Programmazione Acquisti,1,385.0,95.06,385,385,385,Excellent,1,0
InnovaPuglia spa infolivinglabs@innova.puglia.it,2,385.0,95.06,385,385,385,Excellent,2,0
M. Capozzi,1,385.0,95.06,385,385,385,Excellent,1,0
"Sezione Turismo e Internazionalizzazione - Servizio Sviluppo, Infrastrutture, Imprese, Professioni",1,385.0,95.06,385,385,385,Excellent,1,0
Sezione Finanze,1,385.0,95.06,385,385,385,Excellent,1,0
Sezione politiche di benessere sociale e pari opportunità Sezione programmazione Sociale ed integrazione socio-sanitaria,1,385.0,95.06,385,385,385,Excellent,1,0
Sezione Personale e Organizzazione - servizio.personale@regione.puglia.it,1,385.0,95.06,385,385,385,Excellent,1,0
"SEZIONE INNOVAZIONE, DATI E SERVIZI DIGITALI",1,385.0,95.06,385,385,385,Excellent,1,0
Sezione Trattamento Economico,2,385.0,95.06,385,385,385,Excellent,2,0
Sezione politiche di benessere sociale e pari opportunità - Sezione programmazione Sociale ed integrazione socio-sanitaria - InnovaPuglia S.p.a.,1,385.0,95.06,385,385,385,Excellent,1,0
Sezione APG,1,385.0,95.06,385,385,385,Excellent,1,0
"Dipartimento Turismo, Economia della Cultura e Valorizzazione del Territorio - Struttura Progetto Cooperazione Territoriale Europea E Poli Biblio-Museali",1,385.0,95.06,385,385,385,Excellent,1,0
DIPARTIMENTO PROMOZIONE DELLA SALUTE E DEL BENESSERE ANIMALE/SEZIONE PROMOZIONE DELLA SALUTE E DEL BENESSERE,3,385.0,95.06,385,385,385,Excellent,3,0
Ufficio Sistemi Informativi e Flussi Informativi,1,385.0,95.06,385,385,385,Excellent,1,0
Dipartimento Ambiente Paesaggio e Qualità Urbana,1,385.0,95.06,385,385,385,Excellent,1,0
Programmazione Unitaria,1,385.0,95.06,385,385,385,Excellent,1,0
"Dipartimento Turismo, Economia della Cultura e Valorizzazione del Territorio - Sezione Economia della Cultura",1,385.0,95.06,385,385,385,Excellent,1,0
ex Sezione Promozione della Salute e del Benessere - attuale Sezione Sanità Veterinaria e Sicurezza Alimentare,1,385.0,95.06,385,385,385,Excellent,1,0
Sezione Tutela e valorizzazione del paesaggio,1,385.0,95.06,385,385,385,Excellent,1,0
"Sezione Promozione del Commercio, Artigianato e Internazionalizzazione delle imprese",1,385.0,95.06,385,385,385,Excellent,1,0
Interreg Management Structure,1,385.0,95.06,385,385,385,Excellent,1,0
Dott.ssa Rocca Anna Ettorre,1,385.0,95.06,385,385,385,Excellent,1,0
TPER - Trasporto passeggeri Emilia-Romagna,1,385.0,95.06,385,385,385,Excellent,1,0
Comune di Bologna - Area Educazione e Formazione,9,385.0,95.06,385,385,385,Excellent,9,0
Settore Musei Civici Bologna,2,385.0,95.06,385,385,385,Excellent,2,0
Openstreetmap,1,385.0,95.06,385,385,385,Excellent,1,0
Servizio Diritto allo Studio,1,385.0,95.06,385,385,385,Excellent,1,0
"Settore reti, sicurezza ICT e identità digitale",1,385.0,95.06,385,385,385,Excellent,1,0
Settore applicazioni,1,385.0,95.06,385,385,385,Excellent,1,0
Amministrazione,2,385.0,95.06,385,385,385,Excellent,2,0
Servizio Arte e Beni Culturali,3,385.0,95.06,385,385,385,Excellent,3,0
Ambiente,1,385.0,95.06,385,385,385,Excellent,1,0
Area Direzione Generale,1,385.0,95.06,385,385,385,Excellent,1,0
Area Entrate,1,385.0,95.06,385,385,385,Excellent,1,0
Regione Siciliana - Assessorato del Territorio e dell'Ambiente - Area 2 Interdipartimentale - Nodo Regionale S.I.T.R.,2,385.0,95.06,385,385,385,Excellent,2,0
Dipartimento per la Pianificazione Strategica,2,385.0,95.06,385,385,385,Excellent,2,0
Dipartimento del lavoro,1,385.0,95.06,385,385,385,Excellent,1,0
Dipartimento dell'Energia,1,385.0,95.06,385,385,385,Excellent,1,0
Dipartimento delle finanze e del credito,1,385.0,95.06,385,385,385,Excellent,1,0
Dipartimento dell'Istruzione e della Formazione Professionale,1,385.0,95.06,385,385,385,Excellent,1,0
Dipartimento Sviluppo Rurale e Territoriale,1,385.0,95.06,385,385,385,Excellent,1,0
Dipartimento dei beni culturali e dell'identità siciliana,1,385.0,95.06,385,385,385,Excellent,1,0
Affari generali,1,385.0,95.06,385,385,385,Excellent,1,0
Urbanistica,1,385.0,95.06,385,385,385,Excellent,1,0
Sezione Personale e Sezione Statistica,1,385.0,95.06,385,385,385,Excellent,1,0
"Dipartimento Welfare, sezione Benessere Sociale, Innovazione e Sussidiarietà",1,385.0,95.06,385,385,385,Excellent,1,0
Struttura Speciale Cooperazione Euro-Mediterranea,1,385.0,95.06,385,385,385,Excellent,1,0
Sezione Tutela e Valorizzazione dei Patrimoni Culturali,1,385.0,95.06,385,385,385,Excellent,1,0
"Sezione Sicurezza del Cittadino, politiche per le migrazioni ed Antimafia sociale",1,385.0,95.06,385,385,385,Excellent,1,0
Sezione Bilancio e ragioneria,1,385.0,95.06,385,385,385,Excellent,1,0
Sezione Supporto Legsislativo,1,385.0,95.06,385,385,385,Excellent,1,0
Marica Girardi - laboratoriurbani@regione.puglia.it,1,385.0,95.06,385,385,385,Excellent,1,0
SEZIONE INCLUSIONE SOCIALE ATTIVA e SEZIONE ISTRUZIONE E UNIVERSITA',1,385.0,95.06,385,385,385,Excellent,1,0
Attivarti.org,1,385.0,95.06,385,385,385,Excellent,1,0
Autorità di Sistema Portuale dello Stretto,1,385.0,95.06,385,385,385,Excellent,1,0
Comune di Casavatore,1,385.0,95.06,385,385,385,Excellent,1,0
Provincia di Verona,3,385.0,95.06,385,385,385,Excellent,3,0
Provincia di Isernia,5,385.0,95.06,385,385,385,Excellent,5,0
Comune di Vico del Gargano,3,385.0,95.06,385,385,385,Excellent,3,0
Unione Pedemontana Parmense,3,385.0,95.06,385,385,385,Excellent,3,0
Comune di Bologna,460,384.98,95.06,385,375,385,Excellent,460,0
Comune di Grosseto,104,384.62,94.97,385,365,405,Excellent,104,0
Regione Campania,338,384.38,94.91,385,305,385,Excellent,336,0
Comune di Massafra,38,384.21,94.87,385,355,385,Excellent,38,0
Comune di Pieve a Nievole,27,383.89,94.79,385,325,405,Excellent,24,0
Comune di Santa Fiora,15,383.67,94.73,385,365,385,Excellent,15,0
ARET Ufficio Innovazione,14,383.57,94.71,385,365,385,Excellent,14,0
Regione Puglia,61,383.52,94.7,385,355,385,Excellent,61,0
Ufficio statistica,90,383.22,94.62,385,305,385,Excellent,88,0
Azienda Consorziale Trasporti,4,382.5,94.44,385,375,385,Excellent,4,0
Comune di Prato,276,382.25,94.38,385,305,405,Excellent,269,0
Comune di Cantagallo,14,382.14,94.36,385,365,405,Excellent,14,0
Comune di Mediglia,3,381.67,94.24,385,375,385,Excellent,3,0
Comune di San Vincenzo,41,381.59,94.22,385,365,385,Excellent,41,0
Agenzia delle Dogane e dei Monopoli,32,381.56,94.21,385,275,385,Excellent,31,0
Comune di Santa Luce,11,381.36,94.16,385,365,385,Excellent,11,0
Comune di Porto Viro,5,381.0,94.07,385,365,385,Excellent,5,0
Comune di Galatone,5,381.0,94.07,385,365,385,Excellent,5,0
Area Analisi e Ricerche,5,381.0,94.07,385,375,385,Excellent,5,0
Comune di Vinci,17,380.29,93.9,385,305,385,Excellent,16,0
Comune di Castel del Piano,17,380.29,93.9,385,305,385,Excellent,16,0
Comune di Montevarchi,29,380.17,93.87,385,305,405,Excellent,27,0
Azienda Trasporti Messina S.p.A,4,380.0,93.83,385,365,385,Excellent,4,0
"Direzione regionale Salute e Welfare | SERVIZIO: Risorse tecnologiche, edilizia sanitaria, patrimonio e investimenti delle Aziende sanitarie",2,380.0,93.83,405,355,405,Excellent,2,0
"Direzione regionale Risorse, programmazione, cultura, turismo | SERVIZIO: Segreteria di Giunta, Attività Legislative, BUR, Società partecipate, Agenzie e Rapporti con Associazioni e Fondazioni",2,380.0,93.83,405,355,405,Excellent,2,0
"Direzione regionale Risorse, programmazione, cultura, turismo | SERVIZIO: Trasparenza, Anticorruzione, Privacy e tutela consumatori",2,380.0,93.83,405,355,405,Excellent,2,0
Comune di Cassano allo Ionio,9,379.44,93.69,385,335,385,Excellent,8,0
Città di Trani,5,379.0,93.58,385,355,385,Excellent,5,0
Comune di Monte Argentario,35,378.43,93.44,385,325,405,Excellent,32,0
Sezione Competitività delle Filiere Agroalimentari,3,378.33,93.42,385,365,385,Excellent,3,0
Agenzia di Tutela della Salute di Pavia,13,378.08,93.35,385,355,385,Excellent,13,0
Area Innovazione di Sistema e Qualità,5,377.0,93.09,385,365,385,Excellent,5,0
Iniziative Piano Nazionale di Ripresa e Resilienza,5,377.0,93.09,385,345,385,Excellent,4,0
redazione OD,19,376.58,92.98,385,305,385,Excellent,18,0
re,9,376.11,92.87,385,305,385,Excellent,8,0
Comune di Vernio,18,376.11,92.87,385,365,385,Excellent,18,0
"Direzione regionale Risorse, programmazione, cultura, turismo | SERVIZIO: Controllo strategico, Valutazione politiche, Conti pubblici territoriali e ufficio regionale di statistica",19,376.05,92.85,355,355,405,Excellent,19,0
Autorità idrica Pugliese (AIP),13,375.77,92.78,385,365,385,Excellent,13,0
Comune di Binetto,3,375.0,92.59,385,355,385,Excellent,3,0
Regione Campania - U.O.S. 214.00,1,375.0,92.59,375,375,375,Excellent,1,0
Regione Campania - DG 205 00,1,375.0,92.59,375,375,375,Excellent,1,0
Azienda Ospedaliera di Rilievo Nazionale Antonio Cardarelli,10,375.0,92.59,375,375,375,Excellent,10,0
Azienda Sanitaria Regione Molise,3,375.0,92.59,375,375,375,Excellent,3,0
Asst Spedali Civili di Brescia,8,375.0,92.59,375,375,375,Excellent,8,0
ASST Fatebenefratelli Sacco,3,375.0,92.59,375,375,375,Excellent,3,0
Comune di Pescaglia,16,375.0,92.59,385,305,385,Excellent,14,0
Regione Campania - U.O.S. 103.00.01,1,375.0,92.59,375,375,375,Excellent,1,0
Unione di Comuni Terre di Vini e di Tartufi,1,375.0,92.59,375,375,375,Excellent,1,0
Comune di Piombino,21,374.52,92.48,385,305,385,Excellent,20,0
Comune di Montemurlo,75,374.33,92.43,385,305,405,Excellent,64,0
"Direzione regionale Risorse, programmazione, cultura, turismo | SERVIZIO: Organizzazione, amministrazione e Gestione delle Risorse Umane",16,373.12,92.13,355,355,405,Excellent,16,0
"Direzione regionale Sviluppo economico, Agricoltura, Lavoro, Istruzione, Agenda Digitale | SERVIZIO: Agricoltura sostenibile, servizi fitosanitari",10,373.0,92.1,405,285,405,Excellent,9,0
Comune di Beinasco,3,371.67,91.77,355,355,405,Excellent,3,0
"Direzione regionale Sviluppo economico, Agricoltura, Lavoro, Istruzione, Agenda Digitale | Servizio Sviluppo delle imprese agricole e delle filiere agroalimentari - Sezione produzioni vegetali e aiuti di stato nel settore agricolo",3,371.67,91.77,355,355,405,Excellent,3,0
Città metropolitana di Firenze,289,370.57,91.5,385,265,405,Excellent,273,0
Agenzia Nazionale per la Meteorologia e Climatologia - ItaliaMeteo,8,370.0,91.36,365,365,385,Excellent,8,0
Sezione Osservatorio fitosanitario,2,370.0,91.36,385,355,385,Excellent,2,0
"Dipartimento Turismo, Economia della Cultura e Valorizzazione del Territorio - Sezione Sviluppo Innovazione Reti",2,370.0,91.36,385,355,385,Excellent,2,0
ARPAP,2,370.0,91.36,385,355,385,Excellent,2,0
Città Metropolitana di Catania,22,369.55,91.25,405,305,405,Excellent,15,0
Ufficio Statistica e Studi,5,369.0,91.11,385,305,385,Excellent,4,0
Provincia di Pisa,111,368.96,91.1,385,285,405,Excellent,92,0
Consorzio Dei Comuni della Valle D'Aosta Bacino Imbrifero Montano della Dora Baltea,5,367.0,90.62,355,355,385,Excellent,5,0
Provincia di Pistoia,11,366.82,90.57,385,285,385,Excellent,8,0
"Direzione regionale Governo del territorio, ambiente e protezione civile | SERVIZIO: Risorse idriche, Acque pubbliche, Attività estrattive e Bonifiche",9,366.11,90.4,355,355,405,Excellent,9,0
comune lecce,4,365.0,90.12,385,305,385,Excellent,3,0
Comune di Subbiano,16,365.0,90.12,385,305,385,Excellent,12,0
Area Infrastrutture di Trasporti,1,365.0,90.12,365,365,365,Excellent,1,0
Consorzio per la Ricerca sulla Filiera Lattiero Casearia,12,365.0,90.12,385,305,385,Excellent,9,0
IVASS - Istituto per la Vigilanza sulle Assicurazioni,19,365.0,90.12,365,365,365,Excellent,19,0
Servizio Parchi e Risorse Forestali - Regione Emilia-Romagna,2,365.0,90.12,405,325,405,Excellent,1,0
"Polizia Municipale e Viabilità, Trasporti e Mobilità, Vigilanza Edilizia",5,365.0,90.12,355,355,405,Excellent,5,0
Regione Siciliana - Assessorato Territorio e Ambiente - Area 2 Interdipartimentale,1,365.0,90.12,365,365,365,Excellent,1,0
Dipartimento regionale Tecnico,1,365.0,90.12,365,365,365,Excellent,1,0
Lamma Toscana,6443,364.9,90.1,365,285,385,Excellent,6433,0
Casole d'Elsa,28,364.29,89.95,385,305,405,Excellent,18,0
Comune di Coreglia Antelminelli,20,364.0,89.88,385,305,405,Excellent,14,0
admin,183,363.58,89.77,355,325,375,Excellent,180,0
Politecnico di Torino,12,363.33,89.71,355,355,405,Excellent,12,0
Polizia Municipale,5,363.0,89.63,385,275,385,Excellent,4,0
Sinalunga,30,361.67,89.3,385,325,405,Excellent,18,0
Comune di Barberino di Mugello,29,361.21,89.19,385,255,405,Excellent,18,0
Protezione Civile,5,361.0,89.14,355,355,385,Excellent,5,0
Sede di Parma;Regione Emilia-Romagna,59,360.93,89.12,355,355,405,Excellent,59,0
Comune di Volterra,16,360.62,89.04,385,255,385,Excellent,12,0
Azienda Socio Sanitaria Territoriale della Brianza,10,360.0,88.89,355,355,405,Excellent,10,0
Presidenza del Consiglio dei Ministri - Dipartimento per le politiche di coesione,561,359.33,88.72,355,355,385,Excellent,561,0
Associazione Centro studi Città di Foligno,5,359.0,88.64,355,325,405,Excellent,4,0
Comune di Montelupo Fiorentino,34,358.82,88.6,385,255,385,Excellent,25,0
Unione dei Comuni valdostani Walser,3,358.33,88.48,345,345,385,Excellent,1,0
Area di Epidemiologia e Care Intelligence,15,358.33,88.48,385,305,385,Excellent,10,0
Dipartimento regionale del turismo dello sport e dello spettacolo,3,358.33,88.48,385,305,385,Excellent,2,0
"Direzione regionale Risorse, programmazione, cultura, turismo | SERVIZIO: Sistema informativo, altri sistemi informativi e applicativi connessi per la Programmazione Comunitaria FSE",15,358.33,88.48,355,355,405,Excellent,15,0
Servizio Transizione Digitale e Privacy,11,357.73,88.33,365,305,385,Excellent,8,0
Comune di San Marco in Lamis,8,357.5,88.27,385,305,385,Excellent,6,0
ACI,87,357.41,88.25,355,325,385,Excellent,83,0
Comune di Rignano sull'Arno,29,356.72,88.08,385,305,385,Excellent,16,0
Redazione OD,611,356.42,88.01,385,275,385,Excellent,403,0
Comune di Bitritto,5,355.0,87.65,355,355,355,Excellent,5,0
Comune di Olgiate Olona,5,355.0,87.65,355,355,355,Excellent,5,0
Agenzia Regionale per la Protezione dell'Ambiente della Sardegna,12,355.0,87.65,355,355,355,Excellent,12,0
Comune di Petilia Policastro,10,355.0,87.65,355,355,355,Excellent,10,0
ARSAC - Azienda Regionale per lo Sviluppo dell’Agricoltura Calabrese,7,355.0,87.65,355,355,355,Excellent,7,0
"Biologisches Labor, Landesagentur für Umwelt, Autonome Provinz Bozen",1,355.0,87.65,355,355,355,Excellent,1,0
"PAB: Rip. 34 Innovazione, Ricerca, Università e Musei",1,355.0,87.65,355,355,355,Excellent,1,0
Agentur für Bevölkerungsschutz,1,355.0,87.65,355,355,355,Excellent,1,0
Comune di Salle,1,355.0,87.65,355,355,355,Excellent,1,0
Provincia di Padova,10,355.0,87.65,355,355,355,Excellent,10,0
Comune di Deliceto - OpenData,3,355.0,87.65,355,355,355,Excellent,3,0
Camera di Commercio delle Marche,65,355.0,87.65,355,355,355,Excellent,65,0
Comune di Borgo San Dalmazzo,3,355.0,87.65,355,355,355,Excellent,3,0
Istituto Geografico Militare,2,355.0,87.65,355,355,355,Excellent,2,0
Regione Autonoma della Sardegna,1,355.0,87.65,355,355,355,Excellent,1,0
comune torino,1,355.0,87.65,355,355,355,Excellent,1,0
Università degli Studi di Bari - Aldo Moro,105,355.0,87.65,355,355,355,Excellent,105,0
Ministero dell' Economia e delle Finanze,19,355.0,87.65,355,355,355,Excellent,19,0
Comune di Serravalle Scrivia,2,355.0,87.65,355,355,355,Excellent,2,0
Università degli Studi di Napoli 'Parthenope',15,355.0,87.65,355,355,355,Excellent,15,0
Agenzia per l’Italia Digitale - Servizio Strategie di procurement e innovazione del mercato,5,355.0,87.65,355,355,355,Excellent,5,0
Comune di Porto Cesareo,3,355.0,87.65,355,355,355,Excellent,3,0
Comune di Mede,1,355.0,87.65,355,355,355,Excellent,1,0
Comune di Venafro,10,355.0,87.65,355,355,355,Excellent,10,0
Università di Torino,14,355.0,87.65,355,355,355,Excellent,14,0
Comune di Novi Ligure,5,355.0,87.65,355,355,355,Excellent,5,0
"Dipartimento Turismo, Marketing territoriale e mobilità",5,355.0,87.65,355,355,355,Excellent,5,0
Comune di Domodossola,3,355.0,87.65,355,355,355,Excellent,3,0
Ministero del Turismo,16,355.0,87.65,355,355,355,Excellent,16,0
Comune di Torre Annunziata,3,355.0,87.65,355,355,355,Excellent,3,0
Istituto Universitario di Studi Superiori di Pavia,10,355.0,87.65,355,355,355,Excellent,10,0
Istituto Zooprofilattico Sperimentale dell'Umbria e delle Marche,10,355.0,87.65,355,355,355,Excellent,10,0
Comune di Fonte Nuova,5,355.0,87.65,355,355,355,Excellent,5,0
Comune di Bitetto,4,355.0,87.65,355,355,355,Excellent,4,0
Azienda Socio Sanitaria Territoriale di Lecco,10,355.0,87.65,355,355,355,Excellent,10,0
Comune di Taggia,5,355.0,87.65,355,355,355,Excellent,5,0
Istituto Superiore di Sanità,13,355.0,87.65,355,355,355,Excellent,13,0
Comune di Borgo a Mozzano,2,355.0,87.65,355,355,355,Excellent,2,0
"Universita' degli Studi della Campania ""L. Vanvitelli""",11,355.0,87.65,355,355,355,Excellent,11,0
Comune di Albino,5,355.0,87.65,355,355,355,Excellent,5,0
Agenzia di Tutela della Salute della Brianza,10,355.0,87.65,355,355,355,Excellent,10,0
Università degli Studi di Palermo,19,355.0,87.65,355,355,355,Excellent,19,0
Comune di Canino,1,355.0,87.65,355,355,355,Excellent,1,0
Comune di Castelfiorentino,6,355.0,87.65,355,355,355,Excellent,6,0
"Settore -  1 Politiche della montagna, Foreste, Gestione dei sistemi forestali e struttura incaricata dei controlli PSR 2014/2020",4,355.0,87.65,355,355,355,Excellent,4,0
Dipartimento “Infrastrutture e Lavori Pubblici”,7,355.0,87.65,355,355,355,Excellent,7,0
Dipartimento “Organizzazione e risorse Umane”,1,355.0,87.65,355,355,355,Excellent,1,0
Dipartimento Sviluppo Economico e Attrattori Culturali – Settore Infrastrutture Energetiche Fonti Rinnovabili e Non Rinnovabili,1,355.0,87.65,355,355,355,Excellent,1,0
Dipartimento Agricoltura Risorse Agroalimentari e Forestazione,3,355.0,87.65,355,355,355,Excellent,3,0
"Dipartimento Istruzione, Formazione e Pari Opportunità",5,355.0,87.65,355,355,355,Excellent,5,0
Dipartimento Lavoro - Azienda Calabria Lavoro,5,355.0,87.65,355,355,355,Excellent,5,0
Azienda Socio Sanitaria Territoriale della Valle Olona,17,355.0,87.65,355,355,355,Excellent,17,0
Azienda Socio Sanitaria Territoriale Lariana,16,355.0,87.65,355,355,355,Excellent,16,0
Comune di Sovicille,1,355.0,87.65,355,355,355,Excellent,1,0
Comune di Grassobbio,3,355.0,87.65,355,355,355,Excellent,3,0
Comune di Torremaggiore,1,355.0,87.65,355,355,355,Excellent,1,0
Dipartimento Lavoro e Welfare,9,355.0,87.65,355,355,355,Excellent,9,0
Comune di Policoro,11,355.0,87.65,355,355,355,Excellent,11,0
Comune di Vittoria,5,355.0,87.65,355,355,355,Excellent,5,0
ATS della Montagna,10,355.0,87.65,355,355,355,Excellent,10,0
Comune di Forte dei Marmi,1,355.0,87.65,355,355,355,Excellent,1,0
Biblioteca nazionale centrale di firenze,1,355.0,87.65,355,355,355,Excellent,1,0
Comune di Catanzaro,5,355.0,87.65,355,355,355,Excellent,5,0
Comune di Casoli,4,355.0,87.65,355,355,355,Excellent,4,0
Dirigente  Autorità di Audit,2,355.0,87.65,355,355,355,Excellent,2,0
Dirigente Dipartimento “Lavoro e Welfare”,1,355.0,87.65,355,355,355,Excellent,1,0
Comune di Arquata Scrivia,2,355.0,87.65,355,355,355,Excellent,2,0
Comune di San Nicola La Strada,5,355.0,87.65,355,355,355,Excellent,5,0
Provincia di Avellino,10,355.0,87.65,355,355,355,Excellent,10,0
Consorzio Intercomunale Servizi Socio Assistenziali di Pianezza,3,355.0,87.65,355,355,355,Excellent,3,0
Azienda Ospedaliero-Universitaria Pisana,3,355.0,87.65,355,355,355,Excellent,3,0
Agenzia di Tutela della Salute della Citta' Metropolitana di Milano,10,355.0,87.65,355,355,355,Excellent,10,0
Provincia di Parma,5,355.0,87.65,355,355,355,Excellent,5,0
Consorzio Universitario Piceno,10,355.0,87.65,355,355,355,Excellent,10,0
Dirigente Dipartimento “Tutela della Salute”,3,355.0,87.65,355,355,355,Excellent,3,0
Comune di Schivenoglia,3,355.0,87.65,355,355,355,Excellent,3,0
Comune di Grigno,20,355.0,87.65,355,355,355,Excellent,20,0
Agenzia del lavoro,39,355.0,87.65,355,355,355,Excellent,39,0
Azienda Provinciale per i Servizi Sanitari,14,355.0,87.65,355,355,355,Excellent,14,0
Provincia Autonoma di Trento - Agenzia del Lavoro,6,355.0,87.65,355,355,355,Excellent,6,0
Agenzia dl lavoro,4,355.0,87.65,355,355,355,Excellent,4,0
Unione dei Comuni Terre di Pianura - Settore Finanziario,1,355.0,87.65,355,355,355,Excellent,1,0
Aspal - Agenzia Sarda per le Politiche Attive del Lavoro,15,355.0,87.65,355,355,355,Excellent,15,0
CNIT - Consorzio Nazionale Interuniversitario per le Telecomunicazioni,10,355.0,87.65,355,355,355,Excellent,10,0
Università degli Studi di Camerino,10,355.0,87.65,355,355,355,Excellent,10,0
Comune di Coriano,8,355.0,87.65,355,355,355,Excellent,8,0
PCM - Dipartimento della Trasformazione Digitale,8,355.0,87.65,355,355,355,Excellent,8,0
PCM - Dipartimento della Protezione Civile,5,355.0,87.65,355,355,355,Excellent,5,0
Fondazione RESTART,10,355.0,87.65,355,355,355,Excellent,10,0
"Unione Italiana delle Camere di Commercio Industria, Artigianato e Agricoltura",406,355.0,87.65,355,355,355,Excellent,406,0
Comune di Tortoreto,7,355.0,87.65,355,355,355,Excellent,7,0
"Settore Fonti energetiche, rifiuti, cave e miniere",5,355.0,87.65,355,355,355,Excellent,5,0
Regione Liguria,19,355.0,87.65,355,355,355,Excellent,19,0
ISPAT Istituto di statistica della provincia di Trento,696,355.0,87.65,355,355,355,Excellent,696,0
Servizio turismo e sport,3,355.0,87.65,355,355,355,Excellent,3,0
Ufficio promozione territoriale,2,355.0,87.65,355,355,355,Excellent,2,0
Umse disabilita' ed integrazione socio - sanitaria,3,355.0,87.65,355,355,355,Excellent,3,0
"Unita' organizzativa laboratorio aria, suolo, rifiuti, radioattivita'",1,355.0,87.65,355,355,355,Excellent,1,0
Servizio politiche sviluppo rurale,2,355.0,87.65,355,355,355,Excellent,2,0
"Serv. artigianato, commercio e polizia amministrativa",4,355.0,87.65,355,355,355,Excellent,4,0
Servizio libro fondiario e catasto,5,355.0,87.65,355,355,355,Excellent,5,0
Azienda Consorziale Forestale  Trento Sopramonte,1,355.0,87.65,355,355,355,Excellent,1,0
"Provincia Autonoma di Trento - Agenzia Provinciale Opere Pubbliche, Servizio Opere Civili",1,355.0,87.65,355,355,355,Excellent,1,0
Trentino Digitale Spa,1,355.0,87.65,355,355,355,Excellent,1,0
Regione Autonoma Trentino-Alto Adige/Suedtirol,3,355.0,87.65,355,355,355,Excellent,3,0
Settore Tutela dell’ambiente ed economia circolare - Regione Emilia-Romagna,5,355.0,87.65,355,355,355,Excellent,5,0
Provincia di Reggio Emilia,20,355.0,87.65,355,355,355,Excellent,20,0
Unità di missione strategica digitalizzazione e reti,2,355.0,87.65,355,355,355,Excellent,2,0
Unità di missione strategica Digitalizzazione e reti,2,355.0,87.65,355,355,355,Excellent,2,0
Università di Trento,10,355.0,87.65,355,355,355,Excellent,10,0
Agenzia provinciale per le risorse idriche e l'Energia,1,355.0,87.65,355,355,355,Excellent,1,0
Regione Emilia Romagna,4,355.0,87.65,355,355,355,Excellent,4,0
Nuovo Circondario Imolese,58,355.0,87.65,355,355,355,Excellent,58,0
Servizio Agricoltura,1,355.0,87.65,355,355,355,Excellent,1,0
Provincia Autonoma di Trento - Servizio industria artigianato commercio e cooperazione,2,355.0,87.65,355,355,355,Excellent,2,0
Agenzia per la coesione sociale,5,355.0,87.65,355,355,355,Excellent,5,0
Lepida Scpa,1,355.0,87.65,355,355,355,Excellent,1,0
Servizio prevenzione rischi e centrale unica di emergenza,1,355.0,87.65,355,355,355,Excellent,1,0
Umst digitalizzazione e reti,13,355.0,87.65,355,355,355,Excellent,13,0
Unita' organizzativa per la tutela dell'acqua,1,355.0,87.65,355,355,355,Excellent,1,0
Settore qualita' ambientale - appa,1,355.0,87.65,355,355,355,Excellent,1,0
"Servizio entrate, finanza e credito",1,355.0,87.65,355,355,355,Excellent,1,0
"UMST Pianificazione, Europa e PNRR",1,355.0,87.65,355,355,355,Excellent,1,0
Ufficio Previsioni e Pianificazione,1,355.0,87.65,355,355,355,Excellent,1,0
Provincia autonoma di Trento - Agenzia per la depurazione,1,355.0,87.65,355,355,355,Excellent,1,0
Agenzia Provinciale Opere Pubbliche - Servizio Opere Civili,1,355.0,87.65,355,355,355,Excellent,1,0
Servizio Gestione degli Impianti,2,355.0,87.65,355,355,355,Excellent,2,0
Dipartimento “Transizione Digitale ed Attività Strategiche”,1,355.0,87.65,355,355,355,Excellent,1,0
Stazione Unica Appaltante,5,355.0,87.65,355,355,355,Excellent,5,0
Ufficio fondo sociale europeo,1,355.0,87.65,355,355,355,Excellent,1,0
Dirigente Responsabile Autorità di Audit,3,355.0,87.65,355,355,355,Excellent,3,0
"Servizio Governo dei dati, open data, accesso unico, semplificazione e facilitazione digitale",2,355.0,87.65,355,355,355,Excellent,2,0
"Servizio: Energia, Ambiente, Rifiuti",16,355.0,87.65,355,355,355,Excellent,16,0
Agenzia Regionale per Le Politiche Attive del Lavoro - Arpal Umbria,10,355.0,87.65,355,355,355,Excellent,10,0
Settore Informatico e Trasformazione Digitale,1,355.0,87.65,355,355,355,Excellent,1,0
Settore Lavori Pubblici,1,355.0,87.65,355,355,355,Excellent,1,0
"Servizio Turismo, Sport e Film Commission  - Direzione regionale Risorse, programmazione, cultura, turismo",1,355.0,87.65,355,355,355,Excellent,1,0
"Direzione regionale Sviluppo economico, Agricoltura, Lavoro, Istruzione, Agenda Digitale | SERVIZIO: Sistema di conoscenza ed innovazione, servizi alla popolazione ed al territorio rurale",1,355.0,87.65,355,355,355,Excellent,1,0
Comune di Parrano - Area Economica Finanziaria,4,355.0,87.65,355,355,355,Excellent,4,0
Settore Pianificazione e Gestione del Territorio,3,355.0,87.65,355,355,355,Excellent,3,0
"DIREZIONE REGIONALE PROGRAMMAZIONE, BILANCIO, RISORSE UMANE, CULTURA, AGENDA DIGITALE| SERVIZIO: Valorizzazione risorse culturali, Musei, archivi e biblioteche",4,355.0,87.65,355,355,355,Excellent,4,0
Servizio Idrografico,9,355.0,87.65,355,355,355,Excellent,9,0
"Direzione regionale Risorse, programmazione, cultura, turismo | SERVIZIO: Avvocatura regionale e gestione del contenzioso",3,355.0,87.65,355,355,355,Excellent,3,0
"DIREZIONE REGIONALE PROGRAMMAZIONE, BILANCIO, RISORSE UMANE, CULTURA, AGENDA DIGITALE | SERVIZIO: Valorizzazione risorse culturali, Musei, archivi e biblioteche",2,355.0,87.65,355,355,355,Excellent,2,0
"DIREZIONE REGIONALE PROGRAMMAZIONE, BILANCIO, RISORSE UMANE, CULTURA, AGENDA DIGITALE - SERVIZIO: Spettacolo, eventi e imprese creative",3,355.0,87.65,355,355,355,Excellent,3,0
Direzione regionale Salute e Welfare,3,355.0,87.65,355,355,355,Excellent,3,0
"Servizio Foreste, Montagna, Sistemi naturalistici e Faunistica-venatoria",3,355.0,87.65,355,355,355,Excellent,3,0
"Direzione regionale Sviluppo economico, Agricoltura, Lavoro, Istruzione, Agenda Digitale | Servizio: Agricoltura sostenibile, servizi fitosanitari",4,355.0,87.65,355,355,355,Excellent,4,0
"Direzione regionale Salute e Welfare | SERVIZIO: Programmazione sanitaria, Assistenza ospedaliera, Assistenza territoriale, Integrazione socio-sanitaria. Valutazione di qualità e progetti europei",3,355.0,87.65,355,355,355,Excellent,3,0
"Direzione regionale Sviluppo economico, Agricoltura, Lavoro, Istruzione, Agenda Digitale | Servizio Sviluppo delle imprese agricole e delle filiere agroalimentari - Sezione Interventi per lo sviluppo della diversificazione delle attività agricole",2,355.0,87.65,355,355,355,Excellent,2,0
"Direzione regionale Sviluppo economico, Agricoltura, Lavoro, Istruzione, Agenda Digitale",1,355.0,87.65,355,355,355,Excellent,1,0
"Direzione regionale Sviluppo economico, Agricoltura, Lavoro, Istruzione, Agenda Digitale | SEZIONE: Servizi alle imprese agricole",1,355.0,87.65,355,355,355,Excellent,1,0
"Direzione regionale Risorse, programmazione, cultura, turismo | SERVIZIO: Turismo, Sport e Film Commission.",1,355.0,87.65,355,355,355,Excellent,1,0
Servizi elettorali Comune di Narni,8,355.0,87.65,355,355,355,Excellent,8,0
"Direzione Risorse, Programmazione, Cultura, Turismo | Servizio Programmazione generale e negoziata",1,355.0,87.65,355,355,355,Excellent,1,0
"Direzione regionale Governo del territorio, ambiente e protezione civile | SERVIZIO: Protezione civile ed emergenze",4,355.0,87.65,355,355,355,Excellent,4,0
"Direzione regionale Sviluppo economico, Agricoltura, Lavoro, Istruzione, Agenda Digitale | SERVIZIO: Istruzione, Università, Diritto allo studio e Ricerca",11,355.0,87.65,355,355,355,Excellent,11,0
"Direzione regionale Governo del territorio, ambiente e protezione civile | SERVIZIO: Rischio idrogeologico, idraulico e sismico, Difesa del suolo",1,355.0,87.65,355,355,355,Excellent,1,0
"Direzione regionale Risorse, programmazione, cultura, turismo | Servizio Programmazione generale e negoziata",6,355.0,87.65,355,355,355,Excellent,6,0
"Direzione regionale Governo del territorio, ambiente e protezione civile | SERVIZIO: Energia, Ambiente, Rifiuti",7,355.0,87.65,355,355,355,Excellent,7,0
"Direzione regionale Risorse, programmazione, cultura, turismo | SERVIZIO Affari Generali della Presidenza, Comunicazione, Riforme, Rapporti con i livelli di governo, Pari Opportunitàa",1,355.0,87.65,355,355,355,Excellent,1,0
Sviluppo rurale e agricoltura sostenibile - Direzione risorse Umbria - federalismo - risorse finanziarie e strumentali,2,355.0,87.65,355,355,355,Excellent,2,0
"Servizio Sistema informativo regionale, infrastrutture digitali",2,355.0,87.65,355,355,355,Excellent,2,0
Direzione regionale Salute e Welfare | SERVIZIO: Amministrativo e Risorse umane del SSR,3,355.0,87.65,355,355,355,Excellent,3,0
"Direzione regionale Risorse, programmazione, cultura, turismo | SERVIZIO: Valorizzazione risorse culturali, Musei, archivi e biblioteche",2,355.0,87.65,355,355,355,Excellent,2,0
"Direzione regionale Governo del territorio, ambiente e protezione civile |  Servizio Geologico e gestione delle competenze regionali in materia di acque pubbliche",1,355.0,87.65,355,355,355,Excellent,1,0
"Direzione regionale Risorse, programmazione, cultura, turismo | Servizio Affari europei, programmazione, indirizzo, monitoraggio e controllo FESR",1,355.0,87.65,355,355,355,Excellent,1,0
"Direzione regionale Governo del territorio, ambiente e protezione civile | SERVIZIO: Opere e Lavori Pubblici, osservatorio contratti pubblici , ricostruzione post sisma",6,355.0,87.65,355,355,355,Excellent,6,0
"Servizio Turismo, Sport e Film Commission - Direzione regionale Risorse, programmazione, cultura, turismo",8,355.0,87.65,355,355,355,Excellent,8,0
"Direzione regionale Salute e Welfare | Servizio Programmazione sanitaria, Assistenza ospedaliera, Assistenza territoriale, Integrazione socio-sanitaria. Valutazione di qualità e progetti europei",1,355.0,87.65,355,355,355,Excellent,1,0
Turismo Torino e Provincia s.c.r.l.,4,355.0,87.65,355,355,355,Excellent,4,0
SMAT - Società Metropolitana Acque Torino S.p.A.,3,355.0,87.65,355,355,355,Excellent,3,0
Turismo Torino,3,355.0,87.65,355,355,355,Excellent,3,0
GTT - Gruppo Torinese Trasporti,1,355.0,87.65,355,355,355,Excellent,1,0
SORIS,9,355.0,87.65,355,355,355,Excellent,9,0
Dott. Filippo De Cello,2,355.0,87.65,355,355,355,Excellent,2,0
COMUNE DI Monte San Giusto,52,355.0,87.65,355,355,355,Excellent,52,0
FCT Holding SpA,1,355.0,87.65,355,355,355,Excellent,1,0
Edilizia privata/urbanistica,1,355.0,87.65,355,355,355,Excellent,1,0
Dienststelle Informatik und Innovation,1,355.0,87.65,355,355,355,Excellent,1,0
Ufficio per la transizione al Digitale,3,355.0,87.65,355,355,355,Excellent,3,0
Comune di Chiravalle,1,355.0,87.65,355,355,355,Excellent,1,0
Comune di Ostra,1,355.0,87.65,355,355,355,Excellent,1,0
Amministrazione Comune di Porto Recanati,3,355.0,87.65,355,355,355,Excellent,3,0
PAB: Finanze,2,355.0,87.65,355,355,355,Excellent,2,0
Città Metropolitana di Torino,5,355.0,87.65,355,355,355,Excellent,5,0
r,1,355.0,87.65,355,355,355,Excellent,1,0
Comune di Maletto,11,355.0,87.65,355,355,355,Excellent,11,0
Comune di Uta,3,355.0,87.65,355,355,355,Excellent,3,0
Comune di Chiusa Sclafani,13,355.0,87.65,355,355,355,Excellent,13,0
Comune di Collinas,6,355.0,87.65,355,355,355,Excellent,6,0
Comune di Marineo,8,355.0,87.65,355,355,355,Excellent,8,0
Comune di San Mauro Castelverde,7,355.0,87.65,355,355,355,Excellent,7,0
Comune di Cefala' Diana,16,355.0,87.65,355,355,355,Excellent,16,0
Comune di Spino D'adda,15,355.0,87.65,355,355,355,Excellent,15,0
Comune di Pisogne,9,355.0,87.65,355,355,355,Excellent,9,0
Comune di Nurachi,29,355.0,87.65,355,355,355,Excellent,29,0
Comune di Goito,9,355.0,87.65,355,355,355,Excellent,9,0
Comune di Zanica,10,355.0,87.65,355,355,355,Excellent,10,0
Comune di Nuxis,10,355.0,87.65,355,355,355,Excellent,10,0
Comune di Milena,6,355.0,87.65,355,355,355,Excellent,6,0
Comune di Codroipo,5,355.0,87.65,355,355,355,Excellent,5,0
Comune di Roccella Valdemone,11,355.0,87.65,355,355,355,Excellent,11,0
Comune di Romano Di Lombardia,10,355.0,87.65,355,355,355,Excellent,10,0
Comune di Orani,20,355.0,87.65,355,355,355,Excellent,20,0
Comune di Montagnareale,3,355.0,87.65,355,355,355,Excellent,3,0
Comune di Marianopoli,27,355.0,87.65,355,355,355,Excellent,27,0
Comune di Poggio Renatico,22,355.0,87.65,355,355,355,Excellent,22,0
Comune di Istituzione Comunale Marsala Schola,6,355.0,87.65,355,355,355,Excellent,6,0
Comune di Vigarano Mainarda,5,355.0,87.65,355,355,355,Excellent,5,0
Comune di Gussago,7,355.0,87.65,355,355,355,Excellent,7,0
Unione Terre E Fiumi,3,355.0,87.65,355,355,355,Excellent,3,0
Comune di Riva Del Po,3,355.0,87.65,355,355,355,Excellent,3,0
Comune di Ersu Catania,7,355.0,87.65,355,355,355,Excellent,7,0
Comun general de Fascia,19,355.0,87.65,355,355,355,Excellent,19,0
Comunità della Val di Cembra,24,355.0,87.65,355,355,355,Excellent,24,0
Magnifica Comunità degli Altipiani Cimbri,24,355.0,87.65,355,355,355,Excellent,24,0
Comunità Rotaliana-Königsberg,21,355.0,87.65,355,355,355,Excellent,21,0
Servizio Gestione Strade,7,355.0,87.65,355,355,355,Excellent,7,0
Comunità delle Giudicarie,16,355.0,87.65,355,355,355,Excellent,16,0
Comunità della Valle di Sole,23,355.0,87.65,355,355,355,Excellent,23,0
Comunità della Paganella,20,355.0,87.65,355,355,355,Excellent,20,0
Comunità Valsugana e Bersntol,20,355.0,87.65,355,355,355,Excellent,20,0
Comunità Territoriale della Val di Fiemme,19,355.0,87.65,355,355,355,Excellent,19,0
Comunità Valsugana e Tesino,26,355.0,87.65,355,355,355,Excellent,26,0
Consip,16,355.0,87.65,355,355,355,Excellent,16,0
Comune di Goro,16,355.0,87.65,355,355,355,Excellent,16,0
Comune di Enna,12,355.0,87.65,355,355,355,Excellent,12,0
Comune di Moruzzo,2,355.0,87.65,355,355,355,Excellent,2,0
Comune di Tolmezzo,5,355.0,87.65,355,355,355,Excellent,5,0
Comune di Verzegnis,5,355.0,87.65,355,355,355,Excellent,5,0
Comune di Talmassons,3,355.0,87.65,355,355,355,Excellent,3,0
Comune di Lagosanto,2,355.0,87.65,355,355,355,Excellent,2,0
Comune di Amaro,5,355.0,87.65,355,355,355,Excellent,5,0
Comune di Lusevera,4,355.0,87.65,355,355,355,Excellent,4,0
Comune di Turri,17,355.0,87.65,355,355,355,Excellent,17,0
Comune di Remanzacco,24,355.0,87.65,355,355,355,Excellent,24,0
Citta' Metropolitana  Di Reggio Calabria,11,355.0,87.65,355,355,355,Excellent,11,0
Comune di Bagnaria Arsa,25,355.0,87.65,355,355,355,Excellent,25,0
Comune di Cefalu',20,355.0,87.65,355,355,355,Excellent,20,0
Comune di Mesola,3,355.0,87.65,355,355,355,Excellent,3,0
Comune di Bertiolo,3,355.0,87.65,355,355,355,Excellent,3,0
Comune di Sedilo,26,355.0,87.65,355,355,355,Excellent,26,0
Comune di Reana Del Rojale,25,355.0,87.65,355,355,355,Excellent,25,0
Comune di Taipana,14,355.0,87.65,355,355,355,Excellent,14,0
Comune di Magnano In Riviera,37,355.0,87.65,355,355,355,Excellent,37,0
Comune di Povoletto,31,355.0,87.65,355,355,355,Excellent,31,0
Comune di Ferla,3,355.0,87.65,355,355,355,Excellent,3,0
Comune di Nimis,4,355.0,87.65,355,355,355,Excellent,4,0
Comune di Bondeno,30,355.0,87.65,355,355,355,Excellent,30,0
Comune di Paulilatino,9,355.0,87.65,355,355,355,Excellent,9,0
Comune di Rive D'arcano,6,355.0,87.65,355,355,355,Excellent,6,0
Comune di Alessano,4,355.0,87.65,355,355,355,Excellent,4,0
Comune di Castions Di Strada,1,355.0,87.65,355,355,355,Excellent,1,0
Comune di Fontanafredda,2,355.0,87.65,355,355,355,Excellent,2,0
Comune di Castenedolo,8,355.0,87.65,355,355,355,Excellent,8,0
Comune di Lizzanello,1,355.0,87.65,355,355,355,Excellent,1,0
Comune di Sesto Al Reghena,14,355.0,87.65,355,355,355,Excellent,14,0
Comune di Flaibano,5,355.0,87.65,355,355,355,Excellent,5,0
Comune di Manzano,5,355.0,87.65,355,355,355,Excellent,5,0
Comune di Porpetto,2,355.0,87.65,355,355,355,Excellent,2,0
Comune di San Leonardo,6,355.0,87.65,355,355,355,Excellent,6,0
Comune di Cavazzo Carnico,5,355.0,87.65,355,355,355,Excellent,5,0
Comune di Jolanda Di Savoia,3,355.0,87.65,355,355,355,Excellent,3,0
Milano Ristorazione S.p.A.,2,355.0,87.65,355,355,355,Excellent,2,0
Comune di San Teodoro,5,355.0,87.65,355,355,355,Excellent,5,0
Comune di Coseano,2,355.0,87.65,355,355,355,Excellent,2,0
Provincia Autonoma di Trento - Servizio Agricoltura,1,355.0,87.65,355,355,355,Excellent,1,0
Servizio Europa,1,355.0,87.65,355,355,355,Excellent,1,0
Consiglio della Provincia Autonoma di Trento,6,355.0,87.65,355,355,355,Excellent,6,0
Servizio per il Sostegno Occupazionale e la Valorizzazione Ambientale - Provincia Autonoma di Trento,2,355.0,87.65,355,355,355,Excellent,2,0
Servizio artigianato e commercio,2,355.0,87.65,355,355,355,Excellent,2,0
Agenzia Provinciale delle Foreste Demaniali,1,355.0,87.65,355,355,355,Excellent,1,0
Soprintendenza per i Beni Culturali,1,355.0,87.65,355,355,355,Excellent,1,0
Unione Val d'Enza,9,355.0,87.65,355,355,355,Excellent,9,0
Unione Terra di Mezzo,1,355.0,87.65,355,355,355,Excellent,1,0
Comune di Albisola Superiore,2,355.0,87.65,355,355,355,Excellent,2,0
Interreg Managment Structure,1,355.0,87.65,355,355,355,Excellent,1,0
Andrea De Salve,2,355.0,87.65,405,305,405,Excellent,1,0
Provincia Autonoma di Bolzano: Ripartizione 26. Protezione antincendi e civile,3,355.0,87.65,355,355,355,Excellent,3,0
Città Metropolitana di Napoli,1,355.0,87.65,355,355,355,Excellent,1,0
Dipartimento Territorio e Tutela dell'Ambiente”,1,355.0,87.65,355,355,355,Excellent,1,0
Dirigente Dipartimento “ECONOMIA E FINANZE”,1,355.0,87.65,355,355,355,Excellent,1,0
U.F.E. Dipartimento Acqua e Rifiuti,1,355.0,87.65,355,355,355,Excellent,1,0
"Team del progetto ""Kulturschatz Lichtbild - Argento vivo""",1,355.0,87.65,355,355,355,Excellent,1,0
Comune di Vedano Olona,1,355.0,87.65,355,355,355,Excellent,1,0
Polizia locale Merano,1,355.0,87.65,355,355,355,Excellent,1,0
Servizio ragioneria,1,355.0,87.65,355,355,355,Excellent,1,0
"Abteilung Innovation, Forschung, Universität und Museen",1,355.0,87.65,355,355,355,Excellent,1,0
Autonome Provinz Bozen,1,355.0,87.65,355,355,355,Excellent,1,0
"Direzione regionale Sviluppo economico, Agricoltura, Lavoro, Istruzione, Agenda Digitale | Servizio Sviluppo rurale e programmazione attività agricole, garanzia delle produzioni e controlli",1,355.0,87.65,355,355,355,Excellent,1,0
"Sistemi informativi sanitari, sanità digitale e innovazione",2,355.0,87.65,355,355,355,Excellent,2,0
"Direzione regionale Sviluppo economico, Agricoltura, Lavoro, Istruzione, Agenda Digitale | Servizio Foreste, montagna, sistemi naturalistici e faunistica-venatoria",1,355.0,87.65,355,355,355,Excellent,1,0
"Direzione  Programmazione, Bilancio, Risorse umane, Cultura, Agenda digitale   | Servizio  Funzioni tecnico giuridiche per la programmazione regionale",1,355.0,87.65,355,355,355,Excellent,1,0
Servizio Bilancio/Ragioneria/Patrimonio/Recupero Crediti/Contenzioso/Demanio|Sezione Demanio e Patrimonio Agroforestale,1,355.0,87.65,355,355,355,Excellent,1,0
SMAT,1,355.0,87.65,355,355,355,Excellent,1,0
a,1,355.0,87.65,355,355,355,Excellent,1,0
"Nome: Direzione regionale: Governo del territorio, ambiente, protezione civile , riqualificazione urbana, coordinamento PNRR| SERVIZIO: Economia Circolare",1,355.0,87.65,355,355,355,Excellent,1,0
Dipartimento Tutela della Salute e Servizi Socio-Sanitari,1,355.0,87.65,355,355,355,Excellent,1,0
inail,1,355.0,87.65,355,355,355,Excellent,1,0
Servizi finanziari Comune di Narni,1,355.0,87.65,355,355,355,Excellent,1,0
"Direzione regionale Sviluppo economico, Agricoltura, Lavoro, Istruzione, Agenda Digitale | SERVIZIO: Transizione al digitale della PA, semplificazione, innovazione tecnologica, transizione al digitale delle imprese, Agenda Digitale",1,355.0,87.65,355,355,355,Excellent,1,0
"Direzione regionale Governo del territorio e Paesaggio. Protezione civile. Infrastrutture e mobilità|Servizio Organizzazione e Sviluppo del Sistema di Protezione Civile Sezione Tecnico Logistica, Volontariato e Formazione di Protezione Civile",1,355.0,87.65,355,355,355,Excellent,1,0
"Direzione regionale Risorse, programmazione, cultura, turismo | SERVIZIO: Demanio, patrimonio e logistica",2,355.0,87.65,355,355,355,Excellent,2,0
Direzione regionale Salute e Welfare | SERVIZIO: Reingegnerizzazione dei processi e sanità digitale,1,355.0,87.65,355,355,355,Excellent,1,0
Direzione regionale Governo del territorio e Paesaggio. Protezione civile. Infrastrutture e mobilità|Servizio Organizzazione e sviluppo del sistema di Protezione civile,2,355.0,87.65,355,355,355,Excellent,2,0
"Direzione Sviluppo economico, Agricoltura, Lavoro, Istruzione, Agenda Digitale | Servizio Agricoltura sostenibile, servizi fitosanitari",1,355.0,87.65,355,355,355,Excellent,1,0
"Direzione regionale Sviluppo economico, Agricoltura, Lavoro, Istruzione, Agenda Digitale | SERVIZIO: Relazioni internazionali, finanza d'impresa e Internazionalizzazione del sistema produttivo",1,355.0,87.65,355,355,355,Excellent,1,0
Comune di San Costanzo,1,355.0,87.65,355,355,355,Excellent,1,0
Comune di Ostra Vetere,1,355.0,87.65,355,355,355,Excellent,1,0
"Direzione regionale Sviluppo economico, Agricoltura, Lavoro, Istruzione, Agenda Digitale |  SERVIZIO: Foreste, montagna, sistemi naturalistici e Faunistica-venatoria",2,355.0,87.65,355,355,355,Excellent,2,0
"Direzione regionale Salute e Welfare | Servizio Prevenzione, Sanità veterinaria, Sicurezza alimentare",1,355.0,87.65,355,355,355,Excellent,1,0
"Direzione regionale Risorse, programmazione, cultura, turismo | Servizio Trasparenza, Anticorruzione, privacy e tutela dei consumatori",2,355.0,87.65,355,355,355,Excellent,2,0
"Direzione regionale Governo del territorio e Paesaggio. Protezione civile. Infrastrutture e mobilità|Sezione Centro Funzionale multirischio, Sala Operativa Unica Regionale e pianificazione di protezione civile.",1,355.0,87.65,355,355,355,Excellent,1,0
"Direzione regionale Governo del territorio, ambiente e protezione civile | SERVIZIO: Energia, ambiente, rifiuti",1,355.0,87.65,355,355,355,Excellent,1,0
"DIREZIONE REGIONALE PROGRAMMAZIONE, BILANCIO, RISORSE UMANE, CULTURA, AGENDA DIGITALE | Servizio Valorizzazione risorse culturali, Musei, archivi e biblioteche",1,355.0,87.65,355,355,355,Excellent,1,0
CMCC Foundation,1,355.0,87.65,355,355,355,Excellent,1,0
Azienda Consorziale Forestale Trento - Sopramonte,2,355.0,87.65,355,355,355,Excellent,2,0
Alto Garda servizi SPA,1,355.0,87.65,355,355,355,Excellent,1,0
Provincia Autonoma di Trento - Servizio Supporto alla Direzione Generale e ICT,1,355.0,87.65,355,355,355,Excellent,1,0
Informatica Trentina,1,355.0,87.65,355,355,355,Excellent,1,0
Istituto Trentino Edilizia Abitativa (ITEA),1,355.0,87.65,355,355,355,Excellent,1,0
Unità di missione strateg digitalizzazione e reti,1,355.0,87.65,355,355,355,Excellent,1,0
AT,1,355.0,87.65,355,355,355,Excellent,1,0
Servizio Turismo e Sport - Provincia autonoma di Trento,1,355.0,87.65,355,355,355,Excellent,1,0
PAT - Agenzia Provincia per la Protezione Ambiente,1,355.0,87.65,355,355,355,Excellent,1,0
"Dipartimento enti locali,agricoltura e ambiente",1,355.0,87.65,355,355,355,Excellent,1,0
Servizio urbanistica e tutela del paesaggio,1,355.0,87.65,355,355,355,Excellent,1,0
Umse previdenza e stipendi,1,355.0,87.65,355,355,355,Excellent,1,0
"“UOA Foreste, Forestaione e Difesa del Suolo”",1,355.0,87.65,355,355,355,Excellent,1,0
Agenzia provinciale per l'assistenza e la previdenza integrativa,2,355.0,87.65,355,355,355,Excellent,2,0
Ufficio stampa,2,355.0,87.65,355,355,355,Excellent,2,0
Agenzia provinciale per i pagamenti,1,355.0,87.65,355,355,355,Excellent,1,0
Ufficio fondo europeo di sviluppo regionale e progetti europei,1,355.0,87.65,355,355,355,Excellent,1,0
Dipartimento “Segretariato generale”,2,355.0,87.65,355,355,355,Excellent,2,0
Servizio gestione degli impianti - adep,1,355.0,87.65,355,355,355,Excellent,1,0
Dirigente Dipartimento “Segretariato generale”,1,355.0,87.65,355,355,355,Excellent,1,0
Dipartimento Economia e Finanze,1,355.0,87.65,355,355,355,Excellent,1,0
Dipartimento Sviluppo Economico e Attrattori Culturali Settore Attività Estrattive,1,355.0,87.65,355,355,355,Excellent,1,0
Comune di Campomarino,1,355.0,87.65,355,355,355,Excellent,1,0
Comune di Soresina,1,355.0,87.65,355,355,355,Excellent,1,0
ASBR - Azienda Speciale Servizi Bassa Reggiana,3,355.0,87.65,355,355,355,Excellent,3,0
Dirigente Dipartimento “Tutela della Salute e Servizi Socio-Sanitari”,1,355.0,87.65,355,355,355,Excellent,1,0
Dipartimento “Protezione Civile”,1,355.0,87.65,355,355,355,Excellent,1,0
RegioneCalabria,3,355.0,87.65,355,355,355,Excellent,3,0
Dipartimento Sviluppo Economico e Attrattori Culturali,2,355.0,87.65,355,355,355,Excellent,2,0
"Dipartimento Sviluppo economico e attrattori culturali Settore 6 Rigenerazione culturale dei piccoli centri e rilancio dei borghi, aree e parchi archeologici",1,355.0,87.65,355,355,355,Excellent,1,0
Comune di Settimo San Pietro,1,355.0,87.65,355,355,355,Excellent,1,0
PROTO UCRF,1,355.0,87.65,355,355,355,Excellent,1,0
Provincia Autonoma di TrentoProvincia Autonoma di Trento - Servizio Gestione degli Impianti,1,355.0,87.65,355,355,355,Excellent,1,0
Direzione Centrale Educazione ed Istruzione,1,355.0,87.65,355,355,355,Excellent,1,0
Direzione Servizi Civici e Municipi,1,355.0,87.65,355,355,355,Excellent,1,0
Unione Montana dei Comuni dell’Appennino Reggiano,1,355.0,87.65,355,355,355,Excellent,1,0
Comune di Cordenons,3,355.0,87.65,355,355,355,Excellent,3,0
Comune di Tresignana,3,355.0,87.65,355,355,355,Excellent,3,0
Comune di Copparo,3,355.0,87.65,355,355,355,Excellent,3,0
Comune di Pulfero,1,355.0,87.65,355,355,355,Excellent,1,0
Dipartimento Infrastrutture e trasporti,1,355.0,87.65,355,355,355,Excellent,1,0
Provincia autonoma di Trento - Servizio Supporto alla Direzione Generale e ICT,1,355.0,87.65,355,355,355,Excellent,1,0
Servizio per il sostegno occupazionale e la valorizzazione ambientale,1,355.0,87.65,355,355,355,Excellent,1,0
MIMIT - Ministero delle Imprese e del Made in Italy,370,354.92,87.63,385,305,385,Excellent,229,0
Agenzia del Lavoro,81,354.88,87.62,355,345,355,Excellent,80,0
Comune di Rimini,72,354.72,87.59,355,335,355,Excellent,71,0
Regione Calabria,240,354.67,87.57,355,335,355,Excellent,236,0
"Direzione Regionale Governo del territorio, Ambiente, Protezione civile | SERVIZIO: Opere e lavori pubblici, osservatorio contratti pubblici, ricostruzione post sisma",24,354.58,87.55,355,325,405,Excellent,16,0
Comune di Milazzo,42,354.29,87.48,355,325,355,Excellent,41,0
Unione Municipia,8,353.75,87.35,355,345,355,Excellent,7,0
Open,3585,353.71,87.33,355,325,405,Excellent,3423,0
Unione Montana Dei Monti Azzurri,34,353.24,87.22,355,335,355,Excellent,31,0
"Direzione regionale Sviluppo economico, Agricoltura, Lavoro, Istruzione, Agenda Digitale | SERVIZIO: Foreste, montagna, sistemi naturalistici e Faunistica-venatoria",5,353.0,87.16,335,335,405,Excellent,2,0
COMUNE DI Penna San Giovanni,50,353.0,87.16,355,335,355,Excellent,45,0
Comune di Valfornace,38,352.89,87.13,355,275,355,Excellent,37,0
Comune di Palermo,1679,352.59,87.06,355,255,405,Excellent,1541,0
COMUNE DI Montefano,56,352.5,87.04,355,335,355,Excellent,49,0
PagoPA S.p.A.,39,352.18,86.96,345,265,375,Excellent,12,0
Comune di Bari,167,352.13,86.94,355,335,355,Excellent,143,0
COMUNE DI Poggio San Vicino,25,351.8,86.86,355,335,355,Excellent,21,0
Area Valutazione e Ricerca,9,351.67,86.83,365,305,365,Excellent,7,0
Funzione Sanità del Centro Operativo Regionale di cui alla DGR 126/2020,9,351.67,86.83,355,325,355,Excellent,8,0
"Direzione regionale Governo del territorio, ambiente e protezione civile. | SERVIZIO: Rischio idrogeologico, idraulico e sismico, Difesa del suolo - Direzione regionale Governo del territorio, ambiente e protezione civile",6,351.67,86.83,355,335,355,Excellent,5,0
Unione Montana Marca di Camerino,12,351.67,86.83,355,335,355,Excellent,10,0
Comune di San Severino Marche,65,351.62,86.82,355,255,355,Excellent,58,0
Regione Piemonte,79,351.58,86.81,355,275,355,Excellent,75,0
Comune di Appignano,61,351.39,86.76,355,275,355,Excellent,53,0
Azienda Regionale per il Diritto allo Studio Universitario,46,351.3,86.74,385,305,385,Excellent,27,0
Istituto Italiano per la Storia Antica,10,351.0,86.67,355,315,355,Excellent,9,0
Dipartimento Territorio e Tutela dell'Ambiente,5,351.0,86.67,355,335,355,Excellent,4,0
Regione Umbria,5,351.0,86.67,355,335,355,Excellent,4,0
Comune di Montelupone,69,350.94,86.65,355,275,355,Good,64,0
comune di lecce,22,350.91,86.64,385,305,385,Good,13,0
Comune di Muccia,53,350.85,86.63,355,255,355,Good,46,0
Comune di Urbisaglia,61,350.74,86.6,355,255,355,Good,52,0
San Casciano in Val di Pesa,21,350.71,86.6,385,305,385,Good,12,0
Comune di Gavorrano,28,350.71,86.6,305,305,405,Good,13,0
Comune di Bolognola,42,350.71,86.6,355,255,355,Good,37,0
COMUNE DI Monte Cavallo,28,350.71,86.6,355,255,355,Good,26,0
COMUNE DI Sant'Angelo in Pontano,51,350.69,86.59,355,255,355,Good,44,0
Comune di Gagliole,51,350.69,86.59,355,255,355,Good,44,0
"Direzione regionale Sviluppo economico, Agricoltura, Lavoro, Istruzione, Agenda Digitale | SERVIZIO: Sistema informativo regionale, infrastrutture digitali",9,350.56,86.56,355,325,405,Good,5,0
Ministero Infrastrutture e Trasporti,70,350.43,86.53,355,335,355,Good,54,0
Comune di Apiro,59,350.25,86.48,355,255,355,Good,53,0
Comune di Reggio nell'Emilia,216,350.19,86.47,355,315,355,Good,179,0
COMUNE DI Ripe San Ginesio,41,350.12,86.45,355,255,355,Good,35,0
Redazione O.D.,104,350.0,86.42,385,285,385,Good,61,0
Servizio Turismo e Sport,2,350.0,86.42,355,345,355,Good,1,0
Agenzia provinciale per la protezione dell'ambiente (appa),2,350.0,86.42,355,345,355,Good,1,0
COMUNE DI Pioraco,56,350.0,86.42,355,255,355,Good,50,0
Autonome Provinz Bozen. Funktionsbereich Tourismus.,4,350.0,86.42,355,345,355,Good,2,0
PAB: Ripartizione Finanze,2,350.0,86.42,355,345,355,Good,1,0
Provincia Autonoma di Bolzano,2,350.0,86.42,355,345,355,Good,1,0
Provincia autonoma di Trento - Servizio Europa,2,350.0,86.42,355,345,355,Good,1,0
Insiel S.p.A.,813,349.88,86.39,355,275,355,Good,761,0
COMUNE DI Pieve Torina,50,349.8,86.37,355,255,355,Good,45,0
UNIONE MONTANA POTENZA ESINO MUSONE,19,349.74,86.35,355,335,355,Good,14,0
Università Ca' Foscari Venezia,15,349.67,86.34,355,275,355,Good,14,0
Comune di Petriolo,60,349.67,86.34,355,255,355,Good,52,0
COMUNE DI Serravalle di Chienti,33,349.55,86.31,355,255,355,Good,28,0
Comune di Treia,77,349.55,86.31,355,255,355,Good,68,0
Comune di Ussita,47,349.47,86.29,355,255,355,Good,42,0
"Direzione regionale Sviluppo economico, Agricoltura, Lavoro, Istruzione, Agenda Digitale | SERVIZIO: Sviluppo rurale e programmazione attività agricole, garanzie delle produzioni e controlli",32,349.38,86.27,355,285,405,Good,21,0
Comune di Barberino Tavarnelle,45,349.0,86.17,355,255,405,Good,25,0
Comune di Monte San Martino,41,348.66,86.09,355,255,355,Good,36,0
Comune di Colmurano,47,348.62,86.08,355,255,355,Good,40,0
Istituto Superiore per la Protezione e la Ricerca Ambientale,15,348.33,86.01,355,335,355,Good,10,0
COMUNE DI Fiastra,39,348.33,86.01,355,255,355,Good,34,0
Ufficio Statistica e Studi Camera di Commercio di Lecce,96,348.12,85.96,385,305,385,Good,52,0
Comune di Torino,1706,348.01,85.93,355,155,405,Good,1276,0
Comune di Mogliano,73,347.88,85.9,355,255,355,Good,63,0
COMUNE DI Loro Piceno,56,347.86,85.89,355,255,355,Good,48,0
Comune di Reggello,30,347.67,85.84,325,305,405,Good,13,0
Comune di Caldarola,50,347.4,85.78,355,255,355,Good,43,0
Comune di Cecina,17,347.35,85.77,365,305,385,Good,11,0
Comune di Cessapalombo,47,347.34,85.76,355,255,355,Good,41,0
COMUNE DI Sarnano,52,347.31,85.75,355,255,355,Good,44,0
COMUNE DI Serrapetrona,45,347.0,85.68,355,255,355,Good,39,0
Comune di Porto Recanati,97,346.96,85.67,355,255,355,Good,81,0
Comune di Castelraimondo,63,346.75,85.62,355,255,355,Good,57,0
Comune di Cingoli,95,346.58,85.58,355,255,355,Good,82,0
Comune di Camporotondo di Fiastrone,45,346.56,85.57,355,255,355,Good,38,0
Comune di Montecosaro,54,346.48,85.55,355,255,355,Good,47,0
INAIL,101,346.29,85.5,355,275,355,Good,90,0
Parco regionale della Maremma,32,346.25,85.49,325,305,405,Good,13,0
Ministero dell'Interno,16,346.25,85.49,355,335,355,Good,9,0
ARPA Piemonte,184,346.09,85.45,355,255,355,Good,163,0
Provincia Autonoma di Bolzano: Ufficio Organizzazione,19,346.05,85.45,355,275,355,Good,14,0
Comune di Corigliano-Rossano,12,345.83,85.39,345,345,355,Good,1,0
Comune di Martina Franca,29,345.69,85.36,365,305,385,Good,15,0
Comune di Esanatoglia,61,345.49,85.31,355,255,355,Good,52,0
Borgo a Mozzano,14,345.0,85.19,385,305,385,Good,7,0
Comune di Resana,3,345.0,85.19,345,345,345,Good,0,0
Comune di Rende,9,345.0,85.19,345,345,345,Good,0,0
Comune di Guidonia Montecelio,5,345.0,85.19,345,345,345,Good,0,0
Ministero dell'Interno - Direzione Centrale per i Servizi Demografici,22,345.0,85.19,345,345,345,Good,0,0
Comune di Nerviano,10,345.0,85.19,345,345,345,Good,0,0
Unione dei Comuni del Coros,6,345.0,85.19,345,345,345,Good,0,0
Comune di Borghetto Santo Spirito,3,345.0,85.19,345,345,345,Good,0,0
Comune di Carugate,3,345.0,85.19,345,345,345,Good,0,0
Ente Autonomo Volturno Srl,5,345.0,85.19,345,345,345,Good,0,0
Comune di Merate,5,345.0,85.19,345,345,345,Good,0,0
Comune di Santhià,3,345.0,85.19,345,345,345,Good,0,0
lepida,1,345.0,85.19,345,345,345,Good,0,0
Comune di Pula,2,345.0,85.19,345,345,345,Good,0,0
Servizio politiche sociali,8,345.0,85.19,355,275,355,Good,7,0
Area Innovazione Tecnologica e Trasformazione Digitale,8,345.0,85.19,345,345,345,Good,0,0
Servizio Politiche di Sviluppo Rurale - Provincia Autonoma di Trento,2,345.0,85.19,345,345,345,Good,0,0
Provincia Autonoma di Trento - Servizio impianti a fune e piste da sci,2,345.0,85.19,345,345,345,Good,0,0
"Direzione regionale Sviluppo economico, Agricoltura, Lavoro, Istruzione, Agenda Digitale | Servizio Foreste, montagna, sistemi naturalistici",3,345.0,85.19,335,335,365,Good,1,0
Südtiroler Gemeindenverband,1,345.0,85.19,345,345,345,Good,0,0
APB: Abteilung 23. Sanität,1,345.0,85.19,345,345,345,Good,0,0
APB: Abt. Wirtschaft,1,345.0,85.19,345,345,345,Good,0,0
Agenzia provinciale per l'ambiente,2,345.0,85.19,345,345,345,Good,0,0
APB: Abteilung 23. Gesundheit,1,345.0,85.19,345,345,345,Good,0,0
Città Metropolitana di Milano,4,345.0,85.19,345,345,345,Good,0,0
Provincia Autonoma di Trento - Dipartimento Infrastrutture e Mobilità,2,345.0,85.19,355,335,355,Good,1,0
Servizio Agricoltura - Provincia Autonoma di Trento,1,345.0,85.19,345,345,345,Good,0,0
Servizio Politiche di Sviluppo Rurale,1,345.0,85.19,345,345,345,Good,0,0
Ufficio transizione digitale,2,345.0,85.19,385,305,385,Good,1,0
2.4 Ufficio Statistica e Tempi della Città,1,345.0,85.19,345,345,345,Good,0,0
Comune di Trecastelli,1,345.0,85.19,345,345,345,Good,0,0
Servizio Attività culturali,2,345.0,85.19,355,335,355,Good,1,0
Provincia Autonoma di Trento - Agenzia Provinciale per le risorse idriche e l'energia,1,345.0,85.19,345,345,345,Good,0,0
Comune di San Cesareo,1,345.0,85.19,345,345,345,Good,0,0
RTD,3,345.0,85.19,345,345,345,Good,0,0
Servizio Intercomunale di Protezione Civile,1,345.0,85.19,345,345,345,Good,0,0
ARCA Lombardia,1,345.0,85.19,345,345,345,Good,0,0
Comune di Sefro,42,344.05,84.95,355,255,355,Good,35,0
Università degli Studi della Basilicata,29,343.97,84.93,355,275,355,Good,25,0
Comune di Belforte del Chienti,54,343.89,84.91,355,255,355,Good,47,0
Comune di Pollenza,61,343.85,84.9,355,255,355,Good,51,0
Comune di Corridonia,78,343.72,84.87,355,255,355,Good,66,0
Azienda Sanitaria dell'Alto Adige,6,343.33,84.77,345,335,345,Good,0,0
"Area Geologia, Suoli e Sismica - Settore Difesa del Territorio - Regione Emilia-Romagna",180,343.28,84.76,355,245,405,Good,131,0
COMUNE DI Gualdo,44,343.18,84.74,355,255,355,Good,38,0
Camera di Commercio Industria Artigianato e Agricoltura di Roma,20,343.0,84.69,345,305,345,Good,0,0
PAB: Rip. 23 Salute,50,343.0,84.69,345,325,345,Good,0,0
Comune di Montecassiano,73,342.95,84.68,355,255,355,Good,55,0
Regione Basilicata,224,342.9,84.67,325,245,405,Good,83,0
Comune di Lecce,38,342.89,84.67,335,305,385,Good,18,0
Provincia autonoma di Trento - Servizio Prevenzione Rischi,8,342.5,84.57,335,335,355,Good,3,0
Comune di Camerino,81,342.41,84.55,355,255,355,Good,66,0
Comune di Longare,15,342.33,84.53,305,305,385,Good,7,0
Comune di Firenze,1990,342.01,84.45,345,185,385,Good,828,0
Comune di San Ginesio,63,341.98,84.44,355,255,355,Good,54,0
Comune di Fiuminata,58,341.9,84.42,355,255,355,Good,48,0
Provincia autonoma di Trento - Agenzia Provinciale per la Protezione dell'Ambiente,3,341.67,84.36,345,335,345,Good,0,0
InfraTO,3,341.67,84.36,335,335,355,Good,1,0
Provincia Autonoma di Trento - Servizio Gestione Strade,6,341.67,84.36,355,275,355,Good,5,0
Camera di Commercio di Lecce,177,340.88,84.17,305,305,405,Good,77,0
Comune di Tolentino,79,340.82,84.15,355,255,355,Good,55,0
Comune di Monsummano Terme,161,340.34,84.03,365,225,385,Good,107,0
"Direzione regionale Governo del territorio, ambiente e protezione civile. | SERVIZIO: Rischio idrogeologico, idraulico e sismico, Difesa del suolo",15,340.33,84.03,335,285,405,Good,5,0
Ministero della Salute,73,340.21,84.0,355,275,385,Good,42,0
Comune di Calenzano,16,340.0,83.95,305,305,385,Good,7,0
"Direzione Regionale Governo del territorio, Ambiente, Protezione civile | SERVIZIO: Infrastrutture per la Mobilità e Trasporto pubblico locale",4,340.0,83.95,335,335,355,Good,1,0
|Servizi elettorali Comune di Narni,2,340.0,83.95,355,325,355,Good,1,0
PAB: Ufficio organizzazione,2,340.0,83.95,355,325,355,Good,1,0
STA - Strutture Trasporto Alto Adige SpA,2,340.0,83.95,355,325,355,Good,1,0
Servizio per il Sostegno Occupazionale e la Valorizzazione Ambientale,2,340.0,83.95,355,325,355,Good,1,0
Unione Montana Appennino Parma Est,5,339.0,83.7,355,275,355,Good,4,0
Comune di Castelsantangelo sul Nera,52,338.46,83.57,355,255,355,Good,40,0
Comune di Potenza Picena,88,337.5,83.33,355,255,355,Good,63,0
Comune di Poggibonsi,28,337.14,83.25,305,285,385,Good,13,0
Citta' metropolitana di Bologna,19,337.11,83.24,325,275,405,Good,4,0
Comune di Sant'Antimo,10,337.0,83.21,345,305,345,Good,0,0
Comune di Assisi,6,336.67,83.13,345,295,345,Good,0,0
REDAZIONE OD,2,335.0,82.72,365,305,365,Good,1,0
Comune di Scorzè,6,335.0,82.72,375,295,375,Good,3,0
Istituto Nazionale di Statistica - ISTAT,13,335.0,82.72,335,335,335,Good,0,0
Comunità di Primiero,4,335.0,82.72,355,275,355,Good,3,0
Servizio Catasto,1,335.0,82.72,335,335,335,Good,0,0
Servizio Protezione Civile,1,335.0,82.72,335,335,335,Good,0,0
"Direzione regionale Governo del territorio, ambiente e protezione civile | Servizio: Opere e lavori pubblici, osservatorio contratti pubblici, ricostruzione post sisma",1,335.0,82.72,335,335,335,Good,0,0
"Direzione Risorse, Programmazione, Cultura e Turismo | Servizio Bilancio, finanza",2,335.0,82.72,335,335,335,Good,0,0
GTT,2,335.0,82.72,335,335,335,Good,0,0
Comune di Merano,2,335.0,82.72,335,335,335,Good,0,0
AMAP,2,335.0,82.72,335,335,335,Good,0,0
Provincia autonoma di Trento - Servizio Foreste e fauna,1,335.0,82.72,335,335,335,Good,0,0
ACI - Automobile Club Italia,4,335.0,82.72,335,335,335,Good,0,0
Provincia Autonoma di Trento - Incarico speciale in materia elettorale,3,335.0,82.72,335,335,335,Good,0,0
Servizio Segreteria della Giunta e Elettorale,1,335.0,82.72,335,335,335,Good,0,0
Servizio Geologico,2,335.0,82.72,335,335,335,Good,0,0
PAB: Rip. 32 Foreste,2,335.0,82.72,355,315,355,Good,1,0
"Mancomunidad del Norte del Ecuador (Provincias autónomas Esmeraldas, Carchi, Imbabura, Sucumbios)",1,335.0,82.72,335,335,335,Good,0,0
PAB:11. Edilizia e servizio tecnico,2,335.0,82.72,335,335,335,Good,0,0
Cartografia e Informazioni Territoriali,1,335.0,82.72,335,335,335,Good,0,0
ARPAM,1,335.0,82.72,335,335,335,Good,0,0
Agenzia Regionale per la Protezione dell'Ambiente dell'Umbria,1,335.0,82.72,335,335,335,Good,0,0
"Servizio Rischio idrogeologico, idraulico e sismico, difesa del suolo",1,335.0,82.72,335,335,335,Good,0,0
"Dipartimento ""Turismo, Marketing territoriale e Mobilità"" - Settore ""Osservatorio sul turismo e della mobilità""",1,335.0,82.72,335,335,335,Good,0,0
Provincia Autonoma di Trento - Servizio Geologico,1,335.0,82.72,335,335,335,Good,0,0
Provincia Autonoma di Trento - Servizio Attività culturali,1,335.0,82.72,335,335,335,Good,0,0
Servizio impianti a fune e piste da sci,1,335.0,82.72,335,335,335,Good,0,0
COMUNE di Morrovalle,57,334.65,82.63,355,255,355,Good,41,0
Banca d'Italia,80,334.38,82.56,335,285,335,Good,0,0
PAB: Ufficio Affari di gabinetto,16,334.38,82.56,335,325,335,Good,0,0
Comune di Chianni,15,334.33,82.55,365,285,365,Good,8,0
Provincia Autonoma di Bolzano - Alto Adige,1204,334.03,82.48,325,275,365,Good,542,0
Ufficio Urbanistica,8,333.75,82.41,345,255,405,Good,3,0
Comune di Genova,144,333.68,82.39,335,275,385,Good,9,0
Comune di Visso,58,333.62,82.38,355,255,355,Good,43,0
Agentur für Bevölkerungsschutz der Autonomen Provinz Bozen - Südtirol,7,333.57,82.36,345,275,355,Good,2,0
"Servizio formazione professionale, formazione terziaria e funzioni di sistema",7,332.14,82.01,355,275,355,Good,5,0
Area di Direzione Amministrativa,6,331.67,81.89,305,305,385,Good,2,0
CREA - Consiglio per la ricerca in agricoltura e l'analisi dell'economia agraria,8,331.25,81.79,335,305,355,Good,3,0
ARPA Lombardia,41,330.61,81.63,355,275,355,Good,26,0
"Dipartimento Infrastrutture, Territorio e Protezione Civile",17,330.29,81.55,335,255,385,Good,5,0
Comune di Massa,8,330.0,81.48,355,305,355,Good,4,0
Trafair,6,330.0,81.48,385,275,385,Good,3,0
Servizio SIT (Sistemi Informativi e Telematici),10,330.0,81.48,355,265,405,Good,5,0
"Autonome Provinz Bozen - Abteilung 28 - Natur, Landschaft und Raumentwicklung - Landeskartographie und Koordination der Geodaten",2,330.0,81.48,335,325,335,Good,0,0
Comune di Bertinoro,4,330.0,81.48,355,255,355,Good,3,0
Coordinamento Tecnico-Scientifico,31,329.84,81.44,335,225,335,Good,0,0
PAB: Ufficio Statistica (ASTAT),13,329.62,81.39,325,325,355,Good,2,0
Comune di Barga,12,329.17,81.28,305,305,385,Good,4,0
Servizio Sistema Informatico Associato,6,328.33,81.07,355,275,355,Good,4,0
Provincia autonoma di Trento - Servizio Trasporti,3,328.33,81.07,355,275,355,Good,2,0
"Direzione Servizi Civici, Partecipazione e Sport",3,328.33,81.07,355,275,355,Good,2,0
5T srl,3,328.33,81.07,355,275,355,Good,2,0
Sistemi Informativi ANAC,69,328.19,81.03,305,305,385,Good,20,0
Arpa Puglia - Direzione Scientifica - Servizio Agenti Fisici,4,327.5,80.86,315,305,385,Good,1,0
"Provincia Autonoma di Bolzano - Ripartizione 28 - Natura, paesaggio e sviluppo del territorio",4,327.5,80.86,325,325,335,Good,0,0
Comune di Milano - Direzione Educazione,47,326.7,80.67,355,275,355,Good,30,0
Agenzia Laore Sardegna,12,326.67,80.66,325,275,355,Good,4,0
Comune di Cento,6,326.67,80.66,335,255,405,Good,2,0
Comune di Siena,341,326.41,80.59,305,285,405,Good,155,0
Alma Mater Studiorum - University of Bologna,34,325.59,80.39,275,255,405,Good,14,0
Comune di Milano - Area Servizio di Presidenza del Consiglio Comunale,96,325.52,80.38,355,275,355,Good,56,0
Camera di Commercio,18,325.0,80.25,305,305,405,Good,3,0
Comune di Breganze,3,325.0,80.25,325,325,325,Good,0,0
Comune Lecce,8,325.0,80.25,305,305,385,Good,2,0
Comune di Santa Giustina in Colle,3,325.0,80.25,325,325,325,Good,0,0
Comune di Fontanelle,3,325.0,80.25,325,325,325,Good,0,0
Comune di Piombino Dese,3,325.0,80.25,325,325,325,Good,0,0
Comune di Barbarano Mossano,3,325.0,80.25,325,325,325,Good,0,0
Città metropolitana di Bologna,2,325.0,80.25,325,325,325,Good,0,0
Osservatorio Culturale del Piemonte,8,325.0,80.25,335,255,335,Good,0,0
GIS CoC SIAG,1,325.0,80.25,325,325,325,Good,0,0
OpenData CoC SIAG,1,325.0,80.25,325,325,325,Good,0,0
PAB: Edilizia e servizio tecnico,1,325.0,80.25,325,325,325,Good,0,0
Centro di competenza OpenData della Provincia autonoma di Bolzano - Centro de competencia OpenData de la Provincia Autónoma de Bolzano,2,325.0,80.25,325,325,325,Good,0,0
Ufficio Organizzazione,1,325.0,80.25,325,325,325,Good,0,0
Comune di Milano - Direzione Verde e Ambiente,7,325.0,80.25,355,275,355,Good,4,0
Provincia Autonoma di Bolzano: Ufficio Statistiche (ASTAT),1,325.0,80.25,325,325,325,Good,0,0
APB: Abteilung 23. Gesundheitswesen,1,325.0,80.25,325,325,325,Good,0,0
Centro di competenza OpenData della Provincia Autonoma di Bolzano - Alto Adige - Centro de competencia OpenData de la Provincia Autónoma de Bolzano,2,325.0,80.25,325,325,325,Good,0,0
Settore Transizione digitale e informatica,1,325.0,80.25,325,325,325,Good,0,0
Comune di Chianciano Terme,1,325.0,80.25,325,325,325,Good,0,0
Comune di Numana,29,324.66,80.16,355,275,355,Good,18,0
Comune di Castelfranco Piandiscò,131,324.54,80.13,305,285,385,Good,34,0
Comune di Viareggio,72,323.47,79.87,305,255,405,Good,14,0
Comune di Nuoro,5,323.0,79.75,305,305,355,Good,1,0
Regione Emilia-Romagna,363,322.22,79.56,335,245,405,Good,73,0
Comune di Carovigno,58,321.55,79.4,305,305,385,Good,12,0
Ufficio Infortunistica,5,321.0,79.26,305,305,385,Good,1,0
Comune di Civitavecchia,10,321.0,79.26,345,265,345,Good,0,0
Comune di Casole d'Elsa,2,320.0,79.01,355,285,355,Good,1,0
Comune di Crispiano,14,319.29,78.84,305,305,385,Good,3,0
Comune di Civitanova Marche,118,319.07,78.78,355,255,355,Good,68,0
Comune di Chiavari,53,318.02,78.52,305,305,385,Good,9,0
Regione Toscana,438,317.76,78.46,305,275,405,Good,69,0
Comune di Mentana,45,317.44,78.38,305,305,385,Good,7,0
Ministero dell'Istruzione e del Merito,174,317.18,78.32,355,275,355,Good,89,0
Consiglio Regionale della Campania,25,317.0,78.27,305,305,335,Good,0,0
Comune di Milano - Direzione Cultura,167,316.98,78.27,335,255,355,Good,10,0
Servizio Prevenzione Rischi,16,316.88,78.24,335,275,345,Good,0,0
Comune di Perugia,9,316.11,78.05,335,275,355,Good,2,0
"Provincia Autonoma di Bolzano  - Ripartizione 28 - Natura, paesaggio e sviluppo del territorio - Cartografia provinciale e coordinamento geodati",44,315.45,77.89,315,315,325,Good,0,0
Provincia Autonoma di Trento,8,315.0,77.78,355,275,355,Good,4,0
Regione Marche,22,315.0,77.78,335,255,385,Good,5,0
Provincia di Trento - Servizio Prevenzione Rischi,5,315.0,77.78,335,275,355,Good,1,0
APT Servizi,2,315.0,77.78,355,275,355,Good,1,0
PAB: Rip. 35 Economia,2,315.0,77.78,315,315,315,Good,0,0
PAB: Ripartizione 23. Sanità,1,315.0,77.78,315,315,315,Good,0,0
Comune di Milano - Direzione Lavoro Giovani e Sport,2,315.0,77.78,355,275,355,Good,1,0
Comune di Milano - Direzione Specialistica Autorizzazioni e Concessioni - SUAP,2,315.0,77.78,355,275,355,Good,1,0
Unità di missione strategica semplificazione e digitalizzazione,2,315.0,77.78,355,275,355,Good,1,0
Consorzio Intercomunale Servizi Sociali di Chivasso,17,314.41,77.63,305,305,385,Good,2,0
Camera di Commercio Industria Artigianato Agricoltura di Lucca,44,314.09,77.55,305,305,405,Good,4,0
Comune di Arese,44,314.09,77.55,305,305,385,Good,5,0
Comune di Baronissi,27,313.89,77.5,305,305,385,Good,3,0
Comune di Arezzo,983,313.32,77.36,305,285,385,Good,235,0
Comune di Milano - Unità SIT e Sviluppo del Gemello Digitale Urbano,11,313.18,77.33,335,275,335,Good,0,0
Comune di Magenta,40,313.0,77.28,305,305,385,Good,4,0
Comune di Lonate Pozzolo,5,313.0,77.28,345,265,345,Good,0,0
Comune di Flero,53,312.55,77.17,305,305,385,Good,5,0
Agenzia per la protezione civile della Provincia autonoma di Bolzano - Alto Adige,4,312.5,77.16,355,265,355,Good,2,0
Comune di Arcene,41,310.85,76.75,305,305,385,Good,3,0
Comune di Bitonto,55,310.82,76.75,305,305,385,Good,4,0
Comune di Terranuova Bracciolini,15,310.33,76.63,305,305,385,Good,1,0
"Provincia Autonoma di Trento - Servizio istruzione e formazione del secondo grado, università e ricerca",8,310.0,76.54,345,265,355,Good,2,0
Ufficio Statistica,57,309.21,76.35,305,305,385,Good,3,0
Comune di Prignano sulla Secchia,48,308.96,76.29,305,305,385,Good,2,0
Provincia di Pescara,21,308.81,76.25,305,305,385,Good,1,0
Ministero dell’economia e delle finanze - Dipartimento della Ragioneria generale dello Stato,64,308.75,76.23,275,275,355,Good,27,0
CMGE,6,308.33,76.13,345,265,355,Good,1,0
Comune di Treviolo,39,307.82,76.01,305,305,385,Good,1,0
Comune di Acqualagna,9,307.22,75.86,325,255,385,Good,1,0
Comune di Piacenza,72,306.81,75.75,305,305,385,Good,2,0
ARPAT - Agenzia regionale per la protezione ambientale della Toscana,59,306.36,75.64,305,305,385,Good,1,0
Istituto centrale per il catalogo e la documentazione,38,305.53,75.44,305,305,325,Good,0,0
Provincia di Lucca,94,305.43,75.41,305,305,325,Good,0,0
Provincia di Livorno,6,305.0,75.31,305,305,305,Good,0,0
Comune di Serravalle Pistoiese,2,305.0,75.31,305,305,305,Good,0,0
Comune di Sternatia,3,305.0,75.31,305,305,305,Good,0,0
redazione O.D.,1,305.0,75.31,305,305,305,Good,0,0
DO,3,305.0,75.31,305,305,305,Good,0,0
Servizi Sociali,4,305.0,75.31,305,305,305,Good,0,0
Ragioneria Crispiano,2,305.0,75.31,305,305,305,Good,0,0
Ufficio Servizi Finanziari,2,305.0,75.31,305,305,305,Good,0,0
Polizia Locale Lecce,1,305.0,75.31,305,305,305,Good,0,0
Sonia Cappello,2,305.0,75.31,305,305,305,Good,0,0
Comune di Rubano,22,305.0,75.31,305,305,305,Good,0,0
Comune di Bussoleno,14,305.0,75.31,305,305,305,Good,0,0
Comune di Taranto,58,305.0,75.31,305,305,305,Good,0,0
Comune di Brusciano,10,305.0,75.31,305,305,305,Good,0,0
Comune di Laveno Mombello,31,305.0,75.31,305,305,305,Good,0,0
Comune di Desenzano del Garda,43,305.0,75.31,305,305,305,Good,0,0
Comune di Castiglione delle Stiviere,36,305.0,75.31,305,305,305,Good,0,0
Comune di Melzo,13,305.0,75.31,305,305,305,Good,0,0
Comune di Palagano,48,305.0,75.31,305,305,305,Good,0,0
Comune di Santa Maria di Licodia,43,305.0,75.31,305,305,305,Good,0,0
Comunita Montana Alburni,7,305.0,75.31,305,305,305,Good,0,0
Comune di Bussero,14,305.0,75.31,305,305,305,Good,0,0
Comune di Frattamaggiore,9,305.0,75.31,305,305,305,Good,0,0
Comune di Triuggio,17,305.0,75.31,305,305,305,Good,0,0
Comune di Mariano Comense,42,305.0,75.31,305,305,305,Good,0,0
Comune di Mogliano Veneto,42,305.0,75.31,305,305,305,Good,0,0
Comune di Valmadrera,46,305.0,75.31,305,305,305,Good,0,0
Comune di Gaggiano,52,305.0,75.31,305,305,305,Good,0,0
Comune di Garbagnate Milanese,36,305.0,75.31,305,305,305,Good,0,0
Comune di Bernareggio,49,305.0,75.31,305,305,305,Good,0,0
Comune di Albiate,54,305.0,75.31,305,305,305,Good,0,0
Comune di Cormano,33,305.0,75.31,305,305,305,Good,0,0
Comune di Nova Milanese,43,305.0,75.31,305,305,305,Good,0,0
Consorzio Dei Comuni del Cassinate per La Programmazione e Gestione Dei Servizi Sociali,6,305.0,75.31,305,305,305,Good,0,0
Comune di Cassina De' Pecchi,49,305.0,75.31,305,305,305,Good,0,0
Comune di Bussolengo,50,305.0,75.31,305,305,305,Good,0,0
Provincia di Foggia,13,305.0,75.31,305,305,305,Good,0,0
Comune di Besana in Brianza,40,305.0,75.31,305,305,305,Good,0,0
Comune di Nave,42,305.0,75.31,305,305,305,Good,0,0
Comune di Grezzana,14,305.0,75.31,305,305,305,Good,0,0
Commissione di Vigilanza Sui Fondi Pensione,18,305.0,75.31,305,305,305,Good,0,0
Comune di Altamura,32,305.0,75.31,305,305,305,Good,0,0
Comune di Castel Mella,27,305.0,75.31,305,305,305,Good,0,0
Comune di Biassono,10,305.0,75.31,305,305,305,Good,0,0
Comune di Peschiera Borromeo,13,305.0,75.31,305,305,305,Good,0,0
Comune di Vigonza,26,305.0,75.31,305,305,305,Good,0,0
Comune di Pagani,24,305.0,75.31,305,305,305,Good,0,0
Comune di Luino,12,305.0,75.31,305,305,305,Good,0,0
Comune di Morbegno,12,305.0,75.31,305,305,305,Good,0,0
Comune di Fiorano Modenese,86,305.0,75.31,305,305,305,Good,0,0
Comune di Formigine,86,305.0,75.31,305,305,305,Good,0,0
Comune di Maranello,86,305.0,75.31,305,305,305,Good,0,0
Comune di Frassinoro,48,305.0,75.31,305,305,305,Good,0,0
Comune di Montefiorino,48,305.0,75.31,305,305,305,Good,0,0
Comune di Sassuolo,85,305.0,75.31,305,305,305,Good,0,0
Comune di Lavagna,36,305.0,75.31,305,305,305,Good,0,0
Unione dei Comuni Valdostani Mont - Emilius,5,305.0,75.31,305,305,305,Good,0,0
Comune di Marigliano,9,305.0,75.31,305,305,305,Good,0,0
Comune di Ivrea,11,305.0,75.31,305,305,305,Good,0,0
Comune di Galbiate,17,305.0,75.31,305,305,305,Good,0,0
Comune di Olbia,40,305.0,75.31,305,305,305,Good,0,0
Comune Giffoni Valle Piana,12,305.0,75.31,305,305,305,Good,0,0
Comune di Caselle Torinese,31,305.0,75.31,305,305,305,Good,0,0
Comune di Sarezzo,42,305.0,75.31,305,305,305,Good,0,0
Comune di Orbassano,47,305.0,75.31,305,305,305,Good,0,0
Comune di Pescara,55,305.0,75.31,305,305,305,Good,0,0
Comune di Sesto Fiorentino,53,305.0,75.31,305,305,305,Good,0,0
Comune di Baiso,35,305.0,75.31,305,305,305,Good,0,0
Comune di Diano Marina,6,305.0,75.31,305,305,305,Good,0,0
Comune di Casalgrande,28,305.0,75.31,305,305,305,Good,0,0
Comune di Castellarano,38,305.0,75.31,305,305,305,Good,0,0
Comune di Scandiano,35,305.0,75.31,305,305,305,Good,0,0
Comune di Osio Sotto,38,305.0,75.31,305,305,305,Good,0,0
Comune di Albenga,33,305.0,75.31,305,305,305,Good,0,0
Unione Tresinaro Secchia,9,305.0,75.31,305,305,305,Good,0,0
Comune di Viano,35,305.0,75.31,305,305,305,Good,0,0
Comune di Rubiera,24,305.0,75.31,305,305,305,Good,0,0
Provincia di Forli' Cesena,22,305.0,75.31,305,305,305,Good,0,0
Comune di Castelfranco Piandisco',61,305.0,75.31,305,305,305,Good,0,0
Comune di Budoni,29,305.0,75.31,305,305,305,Good,0,0
Comune di Lamezia Terme,36,305.0,75.31,305,305,305,Good,0,0
Comune di Bagno a Ripoli,30,305.0,75.31,305,305,305,Good,0,0
Comune di Arzignano,27,305.0,75.31,305,305,305,Good,0,0
Comune di Cisternino,10,305.0,75.31,305,305,305,Good,0,0
Comune di Roggiano Gravina,27,305.0,75.31,305,305,305,Good,0,0
Comune di Livigno,44,305.0,75.31,305,305,305,Good,0,0
Comune di Corbetta,23,305.0,75.31,305,305,305,Good,0,0
Comune di Besnate,15,305.0,75.31,305,305,305,Good,0,0
Comune di Teggiano,37,305.0,75.31,305,305,305,Good,0,0
Dipartimento Regionale della Protezione Civile della Regione Siciliana,3,305.0,75.31,305,305,305,Good,0,0
Unione Montana Alta Val di Cecina,3,305.0,75.31,305,305,305,Good,0,0
Comune di Greve in Chianti,8,305.0,75.31,305,305,305,Good,0,0
Comune di Pontremoli,1,305.0,75.31,305,305,305,Good,0,0
Comune di Montespertoli,3,305.0,75.31,305,305,305,Good,0,0
Azienda ospedaliero-universitaria Senese,17,305.0,75.31,305,305,305,Good,0,0
Comune di Santa Margherita Ligure,56,305.0,75.31,305,305,305,Good,0,0
Comune di Borgo San Lorenzo,37,305.0,75.31,305,305,305,Good,0,0
Unione Dei Comuni del Distretto Ceramico,8,305.0,75.31,305,305,305,Good,0,0
Comune di Pieve Emanuele,29,305.0,75.31,305,305,305,Good,0,0
Ente Parco Regionale  Migliarino San Rossore Massaciuccoli,2,305.0,75.31,305,305,305,Good,0,0
Assessorato Regionale del Territorio e dell'Ambiente - Dipartimento Regionale Ambiente - Servizio 2 - Pianificazione e Programmazione Ambientale,1,305.0,75.31,305,305,305,Good,0,0
Comune di Signa,20,305.0,75.31,305,305,305,Good,0,0
Redazione O.D,1,305.0,75.31,305,305,305,Good,0,0
Comune di Cologno Monzese,56,305.0,75.31,305,305,305,Good,0,0
Ars,2,305.0,75.31,305,305,305,Good,0,0
Comune di Cascina,6,305.0,75.31,305,305,305,Good,0,0
Unione dei Comuni del Circondario Empolese Valdelsa,1,305.0,75.31,305,305,305,Good,0,0
Università di Firenze - DISIT Lab,1,305.0,75.31,305,305,305,Good,0,0
Comune di Bisignano,5,305.0,75.31,305,305,305,Good,0,0
Provincia di Novara,48,305.0,75.31,305,305,305,Good,0,0
Comune di Nembro,23,305.0,75.31,305,305,305,Good,0,0
Comune di Rocca di Papa,10,305.0,75.31,305,305,305,Good,0,0
Comune di Casamassima,38,305.0,75.31,305,305,305,Good,0,0
Comune di Seriate,25,305.0,75.31,305,305,305,Good,0,0
Comune di Genova - Servizi Civici,3,305.0,75.31,305,305,305,Good,0,0
Comune di Lonato del Garda,6,305.0,75.31,305,305,305,Good,0,0
Istituto centrale per gli archivi,171,305.0,75.31,305,305,305,Good,0,0
Roma Capitale - AREA TEMATICA: SERVIZI AL TERRITORIO,7,305.0,75.31,275,275,355,Good,2,0
Comune di Genova - servizi civici,2,305.0,75.31,305,305,305,Good,0,0
Azienda Sanitaria Locale VCO,10,305.0,75.31,305,305,305,Good,0,0
Comune di Capannoli,5,305.0,75.31,305,305,305,Good,0,0
Comune di Bientina,5,305.0,75.31,305,305,305,Good,0,0
Comune di Casciana Terme Lari,5,305.0,75.31,305,305,305,Good,0,0
Comune di Palaia,5,305.0,75.31,305,305,305,Good,0,0
Comune di Empoli,2,305.0,75.31,305,305,305,Good,0,0
Comune di Pontedera,5,305.0,75.31,305,305,305,Good,0,0
Unione Valdera,5,305.0,75.31,305,305,305,Good,0,0
Comune di Buti,5,305.0,75.31,305,305,305,Good,0,0
Consorzio di Gestione Area Marina Protetta Torre del Cerrano,3,305.0,75.31,305,305,305,Good,0,0
Comune di Arcevia,2,305.0,75.31,335,275,335,Good,0,0
Comune di Comacchio,50,305.0,75.31,305,305,305,Good,0,0
Comune di Santeramo in Colle,16,305.0,75.31,305,305,305,Good,0,0
redazione  O.P.,1,305.0,75.31,305,305,305,Good,0,0
Comune di Muro Leccese,5,305.0,75.31,305,305,305,Good,0,0
Ufficio  Coordinamento PNRR,1,305.0,75.31,305,305,305,Good,0,0
"Ministero dell'Istruzione, dell'Università e della Ricerca",1,305.0,75.31,305,305,305,Good,0,0
Comune di Calcinaia,5,305.0,75.31,305,305,305,Good,0,0
Comune di Tarquinia,6,305.0,75.31,305,305,305,Good,0,0
MiC – Direzione generale Organizzazione,2,305.0,75.31,305,305,305,Good,0,0
Comune di Trento,38,304.21,75.11,275,275,355,Good,13,0
Artea,30,304.0,75.06,305,275,385,Good,1,0
COMUNE DI Fano,35,303.57,74.96,335,255,335,Good,0,0
Comune Livorno,107,303.13,74.85,285,285,385,Good,16,0
Comune di Magliano in Toscana,9,302.78,74.76,305,285,305,Good,0,0
Direzione Innovazione Tecnologica e Digitale,7,302.14,74.6,275,275,355,Good,2,0
Comune di Chivasso,33,301.36,74.41,305,185,305,Good,0,0
Regione del Veneto,6606,299.85,74.04,275,255,355,Good,2055,0
COMUNE DI Serra Sant'Abbondio,9,299.44,73.94,275,255,335,Good,0,0
Comune di Grottammare,16,298.75,73.77,275,255,355,Good,5,0
Comune di Altidona,9,298.33,73.66,305,275,325,Good,0,0
"Ministero dell'Istruzione, dell'Universita' e della Ricerca",105,298.14,73.62,305,225,385,Good,3,0
"Direzione regionale Governo del territorio, ambiente e protezione civile | SERVIZIO: Urbanistica, Riqualificazione urbana e Politiche della casa, tutela del paesaggio",20,298.0,73.58,325,245,365,Good,5,0
Comune di Milano - Direzione Organizzazione e Risorse Umane,71,297.96,73.57,275,275,355,Good,20,0
Provincia Autonoma di Trento - Servizio Gestione degli Impianti,7,297.86,73.54,275,275,355,Good,2,0
Consiglio regionale della Calabria,34,297.65,73.49,275,275,355,Good,9,0
Comune di Milano - Direzione Bilancio ed Entrate,18,297.22,73.39,275,275,355,Good,5,0
Unione di Comuni Montana Lunigiana,24,296.67,73.25,305,285,305,Good,0,0
Comune di Apecchio,11,295.91,73.06,275,255,335,Good,0,0
Comune di Vicopisano,8,295.0,72.84,305,255,305,Good,0,0
Istituto centrale per il catalogo unico delle biblioteche italiane e per le informazioni bibliografiche,1,295.0,72.84,295,295,295,Good,0,0
Comune di Acquasanta Terme,4,295.0,72.84,305,275,325,Good,0,0
Comune di Belvedere Ostrense,3,295.0,72.84,275,275,335,Good,0,0
Comune di Matelica,24,295.0,72.84,275,275,355,Good,6,0
Comune di Monsano,3,295.0,72.84,275,275,335,Good,0,0
Comune di Cerreto D'Esi,3,295.0,72.84,275,275,335,Good,0,0
Comune di Milano - Direzione Innovazione Tecnologica e Digitale,633,294.59,72.74,275,255,355,Good,148,0
Comune di Milano - Unità Analytics e Open Data,106,294.53,72.72,275,255,355,Good,27,0
"Settore Smart City, servizi demografici e partecipazione",126,294.21,72.64,275,255,355,Good,18,0
Ministero dell'Economia e delle Finanze,31,293.06,72.36,275,275,355,Good,7,0
Aria SpA,10,293.0,72.35,295,275,295,Good,0,0
Ufficio Sistemi Qualità e Dati Musei e Biblioteche,9,291.67,72.02,305,275,305,Good,0,0
"Dipartimento Politiche sociali, Lavoro, Istruzione e Formazione",12,291.67,72.02,275,275,325,Good,0,0
Agenzia del Demanio,20,291.0,71.85,275,275,355,Good,4,0
COMUNE DI Cantiano,9,290.56,71.74,275,255,335,Good,0,0
Unione Reno Galliera,10,290.0,71.6,275,265,345,Good,0,0
"Comune di Milano - Direzione Servizi Civici, Partecipazione e Sport",47,289.26,71.42,275,275,355,Good,8,0
Ufficio Relazioni con il Pubblico,12,288.33,71.19,275,275,355,Good,2,0
Comune di Ferrara,3,288.33,71.19,315,235,315,Good,0,0
COMUNE di San Marcello,3,288.33,71.19,275,255,335,Good,0,0
COMUNE DI Morro D'Alba,3,288.33,71.19,275,255,335,Good,0,0
Comune di Agugliano,58,287.93,71.09,275,275,325,Good,0,0
COMUNE DI Frontone,8,287.5,70.99,275,255,335,Good,0,0
Dipartimento Sviluppo Economico,9,287.22,70.92,275,275,385,Good,1,0
Comune di Amandola,7,286.43,70.72,275,255,325,Good,0,0
Comune di Milano - Direzione Economia Urbana e Lavoro,14,286.43,70.72,275,275,355,Good,2,0
PoliS-Lombardia,13,285.77,70.56,275,275,345,Good,0,0
Metropolitana Milanese,15,285.67,70.53,275,275,355,Good,2,0
Comune di Carmignano,3,285.0,70.37,285,285,285,Good,0,0
Odala,2,285.0,70.37,285,285,285,Good,0,0
Comune di Acquaviva Picena,3,285.0,70.37,275,275,305,Good,0,0
da compilare,3,285.0,70.37,255,255,345,Good,0,0
Comune di Castelbellino,6,285.0,70.37,275,275,335,Good,0,0
COMUNE DI Piobbico,10,285.0,70.37,275,255,335,Good,0,0
Agenzia delle Entrate,131,283.85,70.09,275,255,355,Good,14,0
Comune di Serra San Quirico,7,283.57,70.02,275,275,335,Good,0,0
ACI Automobile Club d'Italia,26,283.08,69.9,275,275,355,Good,1,0
Città Metropolitana di Bologna,10,282.0,69.63,275,255,385,Good,1,0
Regione Emilia-Romagna. Settore Patrimonio culturale,3,281.67,69.55,255,255,335,Good,0,0
COMUNE DI Poggio San Marcello,6,281.67,69.55,275,255,335,Good,0,0
COMUNE DI Mergo,7,280.71,69.31,275,255,335,Good,0,0
Comune di Cagli,8,280.0,69.14,275,255,335,Good,0,0
Unione dei Comuni della Bassa Romagna,104,280.0,69.14,275,275,405,Good,4,0
Comune di Genga,4,280.0,69.14,275,255,335,Good,0,0
Ufficio per le Relazioni con il Pubblico,73,279.38,68.98,275,275,355,Good,4,0
Comune di San Paolo di Jesi,10,279.0,68.89,275,255,335,Good,0,0
Comunità della Valle dei Laghi,23,278.48,68.76,275,275,355,Good,1,0
ISTAT,33,278.33,68.72,275,275,385,Good,1,0
Comune di Milano - Unità Servizi Statistici,354,277.54,68.53,275,255,355,Good,12,0
Comune di Barbara,32,277.5,68.52,275,275,355,Good,1,0
Comune di Serra de' Conti,32,277.5,68.52,275,275,355,Good,1,0
Comune di Maiolati Spontini,8,277.5,68.52,275,255,335,Good,0,0
Roma Capitale,326,277.27,68.46,275,255,405,Good,10,0
Comune di Terre Roveresche,38,277.11,68.42,275,275,355,Good,1,0
Comune di Senigallia,54,276.48,68.27,275,275,355,Good,1,0
Regione Lazio,409,276.2,68.2,275,225,385,Good,11,0
Agenzia veneta per i pagamenti - AVEPA,41,275.73,68.08,275,275,305,Good,0,0
Sistema Informativo Forestale del Comando del Corpo Forestale,1,275.0,67.9,275,275,275,Good,0,0
Ufficio relazioni con il pubblico,2,275.0,67.9,275,275,275,Good,0,0
Agenzia Nazionale per la Sicurezza delle Ferrovie e delle Infrastrutture Stradali e Autostradali,21,275.0,67.9,275,275,275,Good,0,0
"Direzione Contabilità, Economato, Tributi",6,275.0,67.9,275,275,275,Good,0,0
Unione dei Comuni valdostani Monte Cervino,5,275.0,67.9,275,275,275,Good,0,0
Istituto Zooprofilattico Sperimentale del Mezzogiorno,15,275.0,67.9,275,275,275,Good,0,0
Azienda Socio Sanitaria Territoriale Nord Milano,10,275.0,67.9,275,275,275,Good,0,0
Unione dei Comuni Valdostani Grand-Combin,3,275.0,67.9,275,275,275,Good,0,0
Provincia di Lodi,78,275.0,67.9,275,275,275,Good,0,0
Roma Capitale - AREA TEMATICA: SERVIZI ALLA PERSONA,6,275.0,67.9,275,275,275,Good,0,0
Comune di Sesto San Giovanni,3,275.0,67.9,275,275,275,Good,0,0
ATAC,4,275.0,67.9,275,275,275,Good,0,0
Roma  Capitale,3,275.0,67.9,275,275,275,Good,0,0
Ufficio_Ced,3,275.0,67.9,275,275,275,Good,0,0
Direzione Agricoltura e Sviluppo rurale,4,275.0,67.9,275,275,275,Good,0,0
Unione dei Comuni Valli Taro e Ceno,3,275.0,67.9,275,275,275,Good,0,0
Comune di Monterotondo,12,275.0,67.9,275,275,275,Good,0,0
Roma Capitale - AREA TEMATICA: CULTURA E VALORIZZAZIONE,7,275.0,67.9,275,275,275,Good,0,0
Comune di Borgo Pace,8,275.0,67.9,275,275,275,Good,0,0
Comune di Camerano,52,275.0,67.9,275,275,275,Good,0,0
Ufficio Transizione al Digitale,6,275.0,67.9,275,275,275,Good,0,0
CED,1,275.0,67.9,275,275,275,Good,0,0
Ufficio Ragioneria,2,275.0,67.9,275,275,275,Good,0,0
Provincia di Ravenna,1,275.0,67.9,275,275,275,Good,0,0
SUAP UCRF,2,275.0,67.9,275,275,275,Good,0,0
UFF.Ragioneria,1,275.0,67.9,275,275,275,Good,0,0
ACI - Autmobile Club d'Italia,1,275.0,67.9,275,275,275,Good,0,0
ACI - Automobile Club d'Italia,7,275.0,67.9,275,275,275,Good,0,0
Servizio Bilancio e Ragioneria,12,275.0,67.9,275,275,275,Good,0,0
Bilancio,1,275.0,67.9,275,275,275,Good,0,0
Lavori Pubblici,2,275.0,67.9,275,275,275,Good,0,0
Roma Capitale - AREA TEMATICA: INNOVAZIONE NELL'INFORMAZIONE,3,275.0,67.9,275,275,275,Good,0,0
Comune di Sant'Ippolito,12,275.0,67.9,275,275,275,Good,0,0
Comune di Sirolo,53,275.0,67.9,275,275,275,Good,0,0
COMUNE DI Trecastelli,47,275.0,67.9,275,275,275,Good,0,0
COMUNE DI Cartoceto,30,275.0,67.9,275,275,275,Good,0,0
COMUNE DI Castelleone di Suasa,45,275.0,67.9,275,275,275,Good,0,0
COMUNE DI Fratte Rosa,10,275.0,67.9,275,275,275,Good,0,0
Comune di Loreto,51,275.0,67.9,275,275,275,Good,0,0
Comune di Macerata,56,275.0,67.9,275,275,275,Good,0,0
COMUNE DI Pergola,48,275.0,67.9,275,275,275,Good,0,0
COMUNE DI Ostra Vetere,45,275.0,67.9,275,275,275,Good,0,0
COMUNE DI Ostra,48,275.0,67.9,275,275,275,Good,0,0
Comune di Chiaravalle,12,275.0,67.9,275,275,275,Good,0,0
COMUNE DI Corinaldo,51,275.0,67.9,275,275,275,Good,0,0
Comune di Colli al Metauro,36,275.0,67.9,275,275,275,Good,0,0
Comune di Falconara Marittima,52,275.0,67.9,275,275,275,Good,0,0
COMUNE DI Fossombrone,23,275.0,67.9,275,275,275,Good,0,0
COMUNE DI Monte Porzio,14,275.0,67.9,275,275,275,Good,0,0
COMUNE DI Mondolfo,52,275.0,67.9,275,275,275,Good,0,0
Comune di Monte Roberto,11,275.0,67.9,275,255,335,Good,0,0
Comune di Polverigi,60,275.0,67.9,275,275,275,Good,0,0
COMUNE DI Mondavio,32,275.0,67.9,275,275,275,Good,0,0
Comune di Osimo,43,275.0,67.9,275,275,275,Good,0,0
Comune di Offagna,21,275.0,67.9,275,275,275,Good,0,0
Comune di Cupramontana,9,275.0,67.9,275,255,335,Good,0,0
Unione Montana esino frasassi,6,275.0,67.9,275,255,335,Good,0,0
Unione Montana del Montefeltro,5,275.0,67.9,275,275,275,Good,0,0
Unione Montana del Tronto e Valfluvione,3,275.0,67.9,275,275,275,Good,0,0
Unione dei Comuni Valle del Metauro,6,275.0,67.9,275,275,275,Good,0,0
Unione Terra dei Castelli,36,275.0,67.9,275,275,275,Good,0,0
Unione dei Comuni Vallata del Tronto,1,275.0,67.9,275,275,275,Good,0,0
Lara Giovannozzi,3,275.0,67.9,275,275,275,Good,0,0
Dipartimento Sviluppo economico,1,275.0,67.9,275,275,275,Good,0,0
COMUNE DI Monteciccardo,2,275.0,67.9,275,275,275,Good,0,0
Unione Comuni Valdaso,1,275.0,67.9,275,275,275,Good,0,0
"Dipartimento - Politiche sociali, Lavoro, Istruzione e Formazione",1,275.0,67.9,275,275,275,Good,0,0
Pasquale Sconciafurno,6,275.0,67.9,275,275,275,Good,0,0
COMUNE di Montemarciano,29,275.0,67.9,275,275,275,Good,0,0
Università degli Studi di Torino,7,275.0,67.9,275,275,275,Good,0,0
ASR Lombardia,30,275.0,67.9,275,275,275,Good,0,0
"Comune di Milano - Direzione Mobilità, Ambiente e Energia",28,275.0,67.9,275,275,275,Good,0,0
Comune di Milano - Direzione Marketing Metropolitano,7,275.0,67.9,275,275,275,Good,0,0
Comune di Milano - Direzione Mobilità e Trasporti - Unità Mobilità sostenibile,1,275.0,67.9,275,275,275,Good,0,0
Comune di Milano - Direzione Politiche Sociali,18,275.0,67.9,275,275,275,Good,0,0
Comune di Milano - Direzione Educazione Area Servizi Scolastici ed Educativi Unità Rete Scolastica Logistica e ANASCO,20,275.0,67.9,275,275,275,Good,0,0
"Assolombarda Confindustria Milano, Monza e Brianza, Lodi",32,275.0,67.9,275,275,275,Good,0,0
Unità Servizi Statistici,1,275.0,67.9,275,275,275,Good,0,0
Comune di Milano - Assessorato all'Edilizia Scolastica,2,275.0,67.9,275,275,275,Good,0,0
Azienda Milanese Servizi Ambientali - Amsa,5,275.0,67.9,275,275,275,Good,0,0
Comune di Milano - Direzione Quartieri e Municipi,26,275.0,67.9,275,275,275,Good,0,0
Direzione Urbanistica,2,275.0,67.9,275,275,275,Good,0,0
"Direzione Mobilità, Ambiente ed Energia - Area Trasporto Pubblico",1,275.0,67.9,275,275,275,Good,0,0
ATS Milano Città Metropolitana,2,275.0,67.9,275,275,275,Good,0,0
Area Servizio di Presidenza del Consiglio Comunale,1,275.0,67.9,275,275,275,Good,0,0
A2A Energia SPA,5,275.0,67.9,275,275,275,Good,0,0
Comune di Milano - Direzione Generale - Area Sportello Unico Eventi,2,275.0,67.9,275,275,275,Good,0,0
Ministero delle Infrastrutture e dei Trasporti,2,275.0,67.9,275,275,275,Good,0,0
Unità Anagrafe e Messi Civici,2,275.0,67.9,275,275,275,Good,0,0
Ministero dello Sviluppo Economico,1,275.0,67.9,275,275,275,Good,0,0
Comune di Milano - Direzione Sicurezza Urbana Unità Informatica,5,275.0,67.9,275,275,275,Good,0,0
Direzione Sistemi Informativi e Agenda Digitale,1,275.0,67.9,275,275,275,Good,0,0
Ministero dell'Interno - Dipartimento per gli affari interni e territoriali,1,275.0,67.9,275,275,275,Good,0,0
ENAC -Ente Nazionale per l'Aviazione Civile,3,275.0,67.9,275,275,275,Good,0,0
Istituto Superiore per la Protezione e per la Ricerca Ambientale,8,275.0,67.9,275,275,275,Good,0,0
Distr_nome,1,275.0,67.9,275,275,275,Good,0,0
"Provincia autonoma di Trento - Dipartimento organizzazione, personale e affari generali",4,275.0,67.9,275,275,275,Good,0,0
Provincia autonoma di Trento - Servizio Politiche Sociali,1,275.0,67.9,275,275,275,Good,0,0
Giuseppe Cozzolino,1,275.0,67.9,275,275,275,Good,0,0
Area 2 Interdipartimentale S.I.T.R. - A.R.T.A. D.R.U. D.R.A. - Regione Siciliana,1,275.0,67.9,275,275,275,Good,0,0
Ufficio Scuola,1,275.0,67.9,275,275,275,Good,0,0
Segreteria Generale,1,275.0,67.9,275,275,275,Good,0,0
COMUNE DI Tavullia,1,275.0,67.9,275,275,275,Good,0,0
Segreteria generale,1,275.0,67.9,275,275,275,Good,0,0
Consiglio - Assemblea Legislativa delle Marche,1,275.0,67.9,275,275,275,Good,0,0
Roma Capitale - Istituzione Sistema Biblioteche Centri Culturali,2,275.0,67.9,275,275,275,Good,0,0
Trasporti,1,275.0,67.9,275,275,275,Good,0,0
Unione dei Comuni Valdostani Grand-Paradis,3,275.0,67.9,275,275,275,Good,0,0
Comune di Milano - Direzione Urbanistica,7,275.0,67.9,275,275,275,Good,0,0
Consiglio Notarile di Milano,1,275.0,67.9,275,275,275,Good,0,0
Comune di Milano - Direzione Partecipate e Patrimonio Immobiliare,1,275.0,67.9,275,275,275,Good,0,0
Autorità per le Garanzie nelle Comunicazioni - AGCOM,1,275.0,67.9,275,275,275,Good,0,0
Comune di Milano - Direzione Economia Urbana e Lavoro - Area attività produttive e commercio,1,275.0,67.9,275,275,275,Good,0,0
Direzione Politiche Sociali,1,275.0,67.9,275,275,275,Good,0,0
Unità Open Data,1,275.0,67.9,275,275,275,Good,0,0
Servizio regolazione e innovazione in materia contratti pubblici - Ufficio Osservatorio dei Lavori Pubblici,1,275.0,67.9,275,275,275,Good,0,0
Trentino Digitale,1,275.0,67.9,275,275,275,Good,0,0
Ufficio SIT e Open Data - Unione Valle Savio,521,274.92,67.88,275,255,275,Good,0,0
Comune di Castelfidardo,65,274.23,67.71,275,245,275,Good,0,0
COMUNE DI San Lorenzo in Campo,36,273.89,67.63,275,255,275,Good,0,0
COMUNE DI San Costanzo,11,273.18,67.45,275,255,275,Good,0,0
COMUNE DI Montecarotto,11,273.18,67.45,275,255,335,Good,0,0
Comune di Milano - Direzione Mobilità e Trasporti,165,273.06,67.42,275,255,335,Good,0,0
Comune di Cervia,5,273.0,67.41,275,255,305,Good,0,0
COMUNE DI Castelplanio,10,273.0,67.41,275,255,335,Good,0,0
COMUNE DI Monte Urano,10,273.0,67.41,275,255,275,Good,0,0
Comune di Fabriano,10,273.0,67.41,275,255,335,Good,0,0
COMUNE DI Montegiorgio,9,272.78,67.35,275,255,275,Good,0,0
Provincia autonoma di Trento - Servizio Bilancio e Ragioneria,8,272.5,67.28,275,255,275,Good,0,0
COMUNE DI Spinetoli,8,272.5,67.28,275,255,275,Good,0,0
COMUNE DI Castel di Lama,8,272.5,67.28,275,255,275,Good,0,0
Comune di Rosora,8,272.5,67.28,275,255,335,Good,0,0
COMUNE DI Sant'Elpidio a Mare,8,272.5,67.28,275,255,275,Good,0,0
Comune di Campofilone,7,272.14,67.2,275,255,275,Good,0,0
COMUNE DI Montalto delle Marche,7,272.14,67.2,275,255,275,Good,0,0
Comune di Castignano,7,272.14,67.2,275,255,275,Good,0,0
COMUNE DI Maltignano,7,272.14,67.2,275,255,275,Good,0,0
Comune di Monterubbiano,7,272.14,67.2,275,255,275,Good,0,0
Comune di Magliano di Tenna,6,271.67,67.08,275,255,275,Good,0,0
COMUNE DI Colli del Tronto,6,271.67,67.08,275,255,275,Good,0,0
COMUNE DI Comunanza,6,271.67,67.08,275,255,275,Good,0,0
Comune di Porto San Giorgio,6,271.67,67.08,275,255,275,Good,0,0
COMUNE DI Moresco,6,271.67,67.08,275,255,275,Good,0,0
Comune di Milano - Unità Anagrafe e Messi Civici,35,271.57,67.05,275,255,275,Good,0,0
Regione Lombardia,3323,271.13,66.94,265,245,355,Good,16,0
COMUNE DI Falerone,5,271.0,66.91,275,255,275,Good,0,0
COMUNE DI Force,5,271.0,66.91,275,255,275,Good,0,0
Comune di Massignano,5,271.0,66.91,275,255,275,Good,0,0
COMUNE DI Venarotta,5,271.0,66.91,275,255,275,Good,0,0
COMUNE DI Montedinove,5,271.0,66.91,275,255,275,Good,0,0
Comune di Appignano del Tronto,5,271.0,66.91,275,255,275,Good,0,0
Comune di Sassoferrato,14,270.71,66.84,275,255,335,Good,0,0
COMUNE DI Porto Sant'Elpidio,9,270.56,66.8,275,255,275,Good,0,0
COMUNE DI Roccafluvione,4,270.0,66.67,275,255,275,Good,0,0
Comune di Ascoli Piceno,4,270.0,66.67,275,255,275,Good,0,0
COMUNE DI Santa Vittoria in Matenano,4,270.0,66.67,275,255,275,Good,0,0
COMUNE DI Carassai,8,270.0,66.67,275,255,275,Good,0,0
COMUNE DI Vallefoglia,16,270.0,66.67,275,255,275,Good,0,0
Comune di Fermo,4,270.0,66.67,275,255,275,Good,0,0
COMUNE DI Montappone,4,270.0,66.67,275,255,275,Good,0,0
COMUNE DI Ponzano di Fermo,4,270.0,66.67,275,255,275,Good,0,0
COMUNE DI Ripatransone,4,270.0,66.67,275,255,275,Good,0,0
COMUNE DI Rapagnano,4,270.0,66.67,275,255,275,Good,0,0
COMUNE DI Rotella,4,270.0,66.67,275,255,275,Good,0,0
Comune di Castorano,4,270.0,66.67,275,255,275,Good,0,0
Comune di Monte Rinaldo,4,270.0,66.67,275,255,275,Good,0,0
COMUNE DI Offida,4,270.0,66.67,275,255,275,Good,0,0
COMUNE DI Ortezzano,4,270.0,66.67,275,255,275,Good,0,0
COMUNE DI Petritoli,4,270.0,66.67,275,255,275,Good,0,0
COMUNE DI Cossignano,4,270.0,66.67,275,255,275,Good,0,0
COMUNE DI Montefiore dell'Aso,8,270.0,66.67,275,255,275,Good,0,0
COMUNE DI Monteprandone,8,270.0,66.67,275,255,275,Good,0,0
COMUNE DI Folignano,4,270.0,66.67,275,255,275,Good,0,0
COMUNE DI Lapedona,7,269.29,66.49,275,255,275,Good,0,0
Comune di Belmonte Piceno,3,268.33,66.26,275,255,275,Good,0,0
COMUNE DI Torre San Patrizio,3,268.33,66.26,275,255,275,Good,0,0
COMUNE DI Palmiano,3,268.33,66.26,275,255,275,Good,0,0
Comune di Monte San Pietrangeli,3,268.33,66.26,275,255,275,Good,0,0
Unione Montana Alta Valle del Metauro,12,268.33,66.26,275,255,275,Good,0,0
COMUNE DI Pedaso,3,268.33,66.26,275,255,275,Good,0,0
COMUNE DI Montegallo,3,268.33,66.26,275,255,275,Good,0,0
COMUNE DI Monte Vidon Combatte,3,268.33,66.26,275,255,275,Good,0,0
Comune di Smerillo,6,268.33,66.26,275,255,275,Good,0,0
Comune di Arquata del Tronto,3,268.33,66.26,275,255,275,Good,0,0
Comune di Monsampolo del Tronto,3,268.33,66.26,275,255,275,Good,0,0
German Aerospace Center DLR,3,268.33,66.26,275,255,275,Good,0,0
COMUNE DI San Benedetto del Tronto,8,267.5,66.05,275,255,275,Good,0,0
COMUNE DI Staffolo,10,267.0,65.93,255,255,335,Good,0,0
COMUNE DI Grottazzolina,5,267.0,65.93,275,255,275,Good,0,0
COMUNE DI Cupra Marittima,5,267.0,65.93,275,255,275,Good,0,0
Comune di Belforte all'Isauro,14,266.43,65.78,275,255,275,Good,0,0
COMUNE DI Sant'Angelo in Vado,14,266.43,65.78,275,255,275,Good,0,0
Comune di Sassocorvaro Auditore,14,266.43,65.78,275,255,275,Good,0,0
Comune di Tavoleto,14,266.43,65.78,275,255,275,Good,0,0
Comune di Urbino,14,266.43,65.78,275,255,275,Good,0,0
COMUNE DI Urbania,14,266.43,65.78,275,255,275,Good,0,0
Comune di Carpegna,14,266.43,65.78,275,255,275,Good,0,0
Comune di Petriano,14,266.43,65.78,275,255,275,Good,0,0
Comune di Fermignano,14,266.43,65.78,275,255,275,Good,0,0
COMUNE DI Monte Grimano Terme,14,266.43,65.78,275,255,275,Good,0,0
Comune di Mercatino Conca,14,266.43,65.78,275,255,275,Good,0,0
COMUNE DI Mercatello sul Metauro,14,266.43,65.78,275,255,275,Good,0,0
COMUNE DI Montecalvo in Foglia,13,265.77,65.62,275,255,275,Good,0,0
Unione della Romagna Faentina,21,265.48,65.55,255,255,355,Good,1,0
"Autonome Provinz Bozen. Abteilung Innovation, Forschung, Universität und Museen",1,265.0,65.43,265,265,265,Good,0,0
Ufficio Segreteria Generale,2,265.0,65.43,275,255,275,Good,0,0
Comune di Macerata Feltria,16,265.0,65.43,275,255,275,Good,0,0
"Provincia autonoma di Bolzano, Ripartizione 23. Sanità",1,265.0,65.43,265,265,265,Good,0,0
Infrastrutture Lombarde,3,265.0,65.43,265,265,265,Good,0,0
COMUNE DI Lunano,11,264.09,65.21,255,255,275,Good,0,0
Comune di Frontino,11,264.09,65.21,255,255,275,Good,0,0
COMUNE DI Monte Cerignone,11,264.09,65.21,255,255,275,Good,0,0
COMUNE DI Piandimeleto,11,264.09,65.21,255,255,275,Good,0,0
Comune di Pietrarubbia,11,264.09,65.21,255,255,275,Good,0,0
Comune di Jesi,16,263.75,65.12,255,255,335,Good,0,0
Regione Emilia-Romagna. Servizio Patrimonio culturale,20,263.0,64.94,255,255,335,Good,0,0
Comune di Peglio,10,263.0,64.94,255,255,275,Good,0,0
Provincia Autonoma di Bolzano: Agenzia Contratti Pubblici,19,262.37,64.78,265,245,265,Good,0,0
Comune di Vado Ligure,3,261.67,64.61,235,235,315,Good,0,0
ATO Toscana Sud,2,260.0,64.2,275,245,275,Good,0,0
Comune di San Giorgio di Piano,2,260.0,64.2,265,255,265,Good,0,0
Servizio gestioni patrimoniali e logistica,2,260.0,64.2,275,245,275,Good,0,0
Comune di Pesaro,20,258.0,63.7,255,255,275,Good,0,0
COMUNE DI Gradara,17,256.18,63.25,255,255,275,Good,0,0
Mauro Nicola de Pinto,1,255.0,62.96,255,255,255,Good,0,0
Roma Servizi per la Mobilità,1,255.0,62.96,255,255,255,Good,0,0
Provincia autonoma di Trento - Servizio Bilancio e ragioneria,4,255.0,62.96,255,255,255,Good,0,0
COMUNE DI Gabicce Mare,16,255.0,62.96,255,255,255,Good,0,0
Amiat - Azienda Multiservizi Igiene Ambientale Torino S.p.A.,3,255.0,62.96,255,255,255,Good,0,0
AMIAT,5,255.0,62.96,255,255,255,Good,0,0
Comune di Merano  - Ufficio urbanistica ed edilizia privata,2,255.0,62.96,255,255,255,Good,0,0
Provincia autonoma di Bolzano. Ufficio Statistiche (ASTAT),1,255.0,62.96,255,255,255,Good,0,0
"Direzione Mobilità, Ambiente e Energia",1,255.0,62.96,255,255,255,Good,0,0
Consorzio Sunshine,1,255.0,62.96,255,255,255,Good,0,0
Provincia Autonoma di Trento - Servizio Motorizzazione civile,2,250.0,61.73,255,245,255,Good,0,0
"Servizio Sistemi Informativi, Digitalizzazione, Agenda Digitale e Città Intelligente",269,237.23,58.58,235,215,315,Good,0,0
"DIST Servizio Sistemi Informativi, Digitalizzazione, Agenda Digitale e Città Intelligente",1,235.0,58.02,235,235,235,Good,0,0
n.d.,2,225.0,55.56,235,215,235,Good,0,0
TerremotoCentroItalia,5,185.0,45.68,185,185,185,Sufficient,0,0
Fusepool P3,3,185.0,45.68,185,185,185,Sufficient,0,0
Covid19Italia Help,1,185.0,45.68,185,185,185,Sufficient,0,0
Museo Galileo - Istituto e Museo di Storia della Scienza,1,185.0,45.68,185,185,185,Sufficient,0,0
